date,equity,weight,underlying_ret,strategy_ret,cost,drawdown,regime_name,sigma_hat,p_crisis
2018-04-12,0.999928934538782,0.10152208745438998,-0.0029374081489083083,-7.106546121807298e-05,7.106546121807298e-05,0.0,bull_volatile,0.4019474392735635,0.3470953106880188
2018-04-13,1.0007601504477717,0.10152208745438998,0.008188119499643706,0.0008312749839298242,0.0,0.0,bull_volatile,0.401875476081599,0.34710583090782166
2018-04-16,1.0018413315856034,0.10152208745438998,0.010641624190932739,0.0010803599017686256,0.0,0.0,bull_quiet,0.40179260501554315,0.34707915782928467
2018-04-17,1.0019165953634217,0.10152208745438998,0.0007399911570353793,7.5125446960021e-05,0.0,0.0,bull_quiet,0.4017500743657247,0.3470778465270996
2018-04-18,1.001350746893196,0.10152208745438998,-0.005562986896832211,-0.0005647660422478252,0.0,-0.0005647660422477925,bull_quiet,0.40172488378417354,0.3470805287361145
2018-04-19,1.00048506100628,0.10152208745438998,-0.008515567039637552,-0.0008645181417218043,0.0,-0.0014287959334802222,bull_quiet,0.40166933599284416,0.3470728099346161
2018-04-20,1.0004698292963667,0.10152208745438998,-0.00014996071858595708,-1.52243251870067e-05,0.0,-0.0014439985062131649,bull_quiet,0.401676518464487,0.3470833897590637
2018-04-23,0.9990926572382657,0.10152208745438998,-0.013558875321530377,-0.001376525326175577,0.0,-0.0028185361318740364,bull_quiet,0.40162155188461335,0.34707367420196533
2018-04-24,0.99934304706867,0.10152208745438998,0.00246859804023608,0.000250617226130583,0.0,-0.002568625279450686,bull_quiet,0.401617147222939,0.3470761775970459
2018-04-25,1.000369208614468,0.10152208745438998,0.010114411105506966,0.0010268361288029316,0.0,-0.0015444267078862368,bull_quiet,0.40163505343115585,0.34707534313201904
2018-04-26,1.0004645035069049,0.10152208745438998,0.0009383152387381556,9.525972172696184e-05,0.0,-0.0014493141078176612,bull_quiet,0.40161580668332214,0.3470792770385742
2018-04-27,0.9996803630232469,0.10152208745438998,-0.007720255132814476,-0.0007837764167637944,0.0,-0.0022319545863631906,bull_quiet,0.4015863159437789,0.3470809757709503
2018-04-30,0.9998605373950032,0.10152208745438998,0.0017752982142209552,0.00018023198056176217,0.0,-0.0020521248753971083,bull_quiet,0.4014737348560044,0.34707212448120117
2018-05-01,0.9991763590252645,0.10152208745438998,-0.00674014707048817,-0.0006842738003455505,0.0,-0.0027349944604553385,bull_quiet,0.4014870399893106,0.3470802903175354
2018-05-02,0.9989525711547412,0.10152208745438998,-0.0022061439922913396,-0.00022397234332237844,0.0,-0.0029583542406594644,bull_quiet,0.40138319508438747,0.3470684885978699
2018-05-03,1.00025711752618,0.10152208745438998,0.012863350788101215,0.0013059142236661078,0.0,-0.0016563033738748415,bull_quiet,0.4013746781229664,0.3470742702484131
2018-05-04,1.000600105244043,0.10152208745438998,0.003377585715348559,0.0003428995523783147,0.0,-0.0013139717671820845,bull_quiet,0.40131305515772386,0.34707731008529663
2018-05-07,1.000600105244043,0.10152208745438998,0.0,0.0,0.0,-0.0013139717671820845,bull_quiet,0.4011808465049815,0.3470797538757324
2018-05-08,1.0015772679885926,0.10152208745438998,0.009619352007434372,0.0009765766957533142,0.0,-0.00033867826563550385,bull_quiet,0.4011453623074513,0.3470793068408966
2018-05-09,1.0025236408632632,0.10152208745438998,0.009307162267612242,0.0009448825416847286,0.0,0.0,bull_quiet,0.4012149946395845,0.3470655679702759
2018-05-10,1.0027981735836786,0.05086211007403522,0.003046663385067629,0.00027384164245667535,3.546198416624833e-05,0.0,sideways_quiet,0.40117175995598425,0.34705784916877747
2018-05-11,1.0028224698847399,0.05086211007403522,0.00047635667222540955,2.4228505497229896e-05,0.0,0.0,sideways_quiet,0.40116018686000005,0.34707146883010864
2018-05-14,1.002469980245895,0.05086211007403522,-0.006910793655447388,-0.0003514975476023093,0.0,-0.00035149754760226544,sideways_quiet,0.40108262704077297,0.34707748889923096
2018-05-15,1.0026839357743627,0.05086211007403522,0.004196215302757945,0.00021342836462322562,0.0,-0.00013814420252585021,sideways_quiet,0.4010982143083057,0.34708285331726074
2018-05-16,1.0026408354072711,0.05086211007403522,-0.0008451280934807857,-4.298499811727925e-05,0.0,-0.00018112326251489867,sideways_quiet,0.40113503326564637,0.3470861315727234
2018-05-17,1.002513185050135,0.05086211007403522,-0.0025031234696764274,-0.00012731414144358342,0.0,-0.0003084143444057988,sideways_quiet,0.40109955312026885,0.34708449244499207
2018-05-18,1.0028951215103037,0.05086211007403522,0.007490428315173807,0.0003809789894680403,0.0,0.0,sideways_quiet,0.4010871214668064,0.3470848798751831
2018-05-21,1.0027531103020801,0.05086211007403522,-0.0027840224319636165,-0.0001416012553831167,0.0,-0.00014160125538320104,sideways_quiet,0.4010133045084857,0.34708088636398315
2018-05-22,1.002893233863516,0.05086211007403522,0.002747405579097633,0.00013973884498208228,0.0,-1.8821975970184346e-06,sideways_quiet,0.40102257869088487,0.3470807373523712
2018-05-23,1.0027886305389577,0.05086211007403522,-0.0020506729982943967,-0.00010430155576510144,0.0,-0.00010618355704591856,sideways_quiet,0.40093548631580317,0.3470686078071594
2018-05-24,1.0026669596691824,0.05086211007403522,-0.002385518768943073,-0.00012133251820965956,0.0,-0.00022750319173722705,sideways_quiet,0.4009647380663382,0.34708932042121887
2018-05-25,1.0020770340847902,0.05086211007403522,-0.01156767701107844,-0.0005883564614383584,0.0,-0.0008157258002028039,sideways_quiet,0.4009276479739699,0.34708544611930847
2018-05-29,1.002752686218964,0.05086211007403522,0.013256463199218327,0.0006742516904310397,0.0,-0.00014202411427151714,sideways_quiet,0.40091474372062186,0.3470931649208069
2018-05-30,1.0024392911880733,0.05086211007403522,-0.006144745477856272,-0.0003125347208716558,0.0,-0.0004545144476761883,sideways_quiet,0.40091541281984494,0.34709417819976807
2018-05-31,1.0029374161951865,0.05086211007403522,0.009769804893101726,0.0004969128918747879,0.0,0.0,sideways_quiet,0.4008692475930813,0.3470938205718994
2018-06-01,1.003179219180447,0.05086211007403522,0.004740164911957537,0.0002410947895210637,0.0,0.0,sideways_quiet,0.40086408659377776,0.3471047580242157
2018-06-04,1.003216329673804,0.05086211007403522,0.0007273171485391942,3.6992884867733917e-05,0.0,0.0,sideways_quiet,0.4007664224311217,0.34707796573638916
2018-06-05,1.0036411592254746,0.05086211007403522,0.008325795761088207,0.0004234675404544042,0.0,0.0,sideways_quiet,0.4007835262749056,0.34707969427108765
2018-06-06,1.0036356385342633,0.05086211007403522,-0.00010814852973372621,-5.500662423661853e-06,0.0,-5.500662423561733e-06,sideways_quiet,0.4007886862370203,0.347073495388031
2018-06-07,1.003786329606496,0.05086211007403522,0.002952004907865754,0.00015014519856296018,0.0,0.0,sideways_quiet,0.4007587784911412,0.34707576036453247
2018-06-08,1.0038541876723484,0.05086211007403522,0.001329124999213643,6.760210201215628e-05,0.0,0.0,sideways_quiet,0.4006995428994486,0.3470904231071472
2018-06-11,1.0039201335130277,0.05086211007403522,0.0012915832391962585,6.569264888177906e-05,0.0,0.0,sideways_quiet,0.40062063940694476,0.3470734655857086
2018-06-12,1.0037569392679484,0.05086211007403522,-0.003196033347797097,-0.00016255699993594324,0.0,-0.0001625569999360413,sideways_quiet,0.40061156554636296,0.34706610441207886
2018-06-13,1.0038853173071947,0.05086211007403522,0.0025145935900984335,0.00012789753597104993,0.0,-3.468025460469418e-05,sideways_quiet,0.40060029514255396,0.34707149863243103
2018-06-14,1.0035913724442556,0.05086211007403522,-0.0057568829444289435,-0.0002928072140028809,0.0,-0.0003274773139788252,sideways_quiet,0.40059274987991267,0.34706002473831177
2018-06-15,1.0034862742641164,0.05086211007403522,-0.0020589410069597174,-0.00010472208413193006,0.0,-0.0004321651040038946,sideways_quiet,0.4006172008671715,0.3470677137374878
2018-06-18,1.0032902747813912,0.05086211007403522,-0.0038401581926364673,-0.00019531854869558413,0.0,-0.0006273992428385572,sideways_quiet,0.40057804180177803,0.34707406163215637
2018-06-19,1.0033772565371715,0.05086211007403522,0.0017045399875246503,8.669650047107338e-05,0.0,-0.0005407571356861868,sideways_quiet,0.4006141444121496,0.3470720052719116
2018-06-20,1.0030563264445416,0.05086211007403522,-0.006288568780855549,-0.0003198498775400164,0.0,-0.0008604340521226238,sideways_quiet,0.40055989621574073,0.34706124663352966
2018-06-21,1.0031492580216625,0.05086211007403522,0.0018215605524504461,9.264841332525499e-05,0.0,-0.0007678653566470345,sideways_quiet,0.4005635252671895,0.3470815420150757
2018-06-22,1.0024499292219209,0.05086211007403522,-0.013706339472387726,-0.0006971333469566783,0.0,-0.0014644633990575325,sideways_quiet,0.4005696374281597,0.3470816910266876
2018-06-25,1.0025626913100512,0.05086211007403522,0.0022115972772832767,0.0001124865041566186,0.0,-0.0013521416272690937,sideways_quiet,0.4005792833719202,0.3470876216888428
2018-06-26,1.002138498018747,0.05086211007403522,-0.008318746370276053,-0.00042310899356296156,0.0,-0.0017746785175490702,sideways_quiet,0.40058873853231924,0.3470977544784546
2018-06-27,1.002429094043409,0.05086211007403522,0.005701216707823484,0.0002899759117492467,0.0,-0.0014852172198210473,sideways_quiet,0.4005453803387295,0.3471166789531708
2018-06-28,1.0024666471490054,0.10187406757041279,0.0014386048230611169,3.746210661610818e-05,3.57083702474643e-05,-0.0014478107525706422,bull_quiet,0.4005534977051187,0.3471037745475769
2018-06-29,1.0026847542992878,0.10187406757041279,0.0021356807072243403,0.0002175704806765994,0.0,-0.0012305552727754003,bull_quiet,0.4005187374334017,0.34710413217544556
2018-07-02,1.0023234126212042,0.10187406757041279,-0.003537447464279723,-0.0003603741620028179,0.0,-0.001590485974453046,bull_quiet,0.4004674619907415,0.3471022844314575
2018-07-03,1.0031530487082447,0.10187406757041279,0.00812486423702682,0.0008277129682833006,0.0,-0.0007640894720366535,bull_quiet,0.4004089377120836,0.34708863496780396
2018-07-05,1.0040138051503043,0.10187406757041279,0.008422663255079442,0.000858050965570796,0.0,0.0,bull_quiet,0.4003831630105931,0.347103476524353
2018-07-06,1.004930675907357,0.10187406757041279,0.008964060732821678,0.0009132053288007596,0.0,0.0,bull_quiet,0.4003546218512527,0.3470945358276367
2018-07-09,1.0052984075449232,0.10187406757041279,0.003591957963733901,0.00036592736830750976,0.0,0.0,bull_quiet,0.4002946824951414,0.3470529317855835
2018-07-10,1.0045107309718209,0.05097308395970781,-0.007341362398798512,-0.0007835251376015808,3.5630688527493486e-05,-0.0007835251376015975,sideways_quiet,0.4002979273897337,0.34705856442451477
2018-07-11,1.004972845318669,0.05097308395970781,0.009025140287613701,0.00046003923362867465,0.0,-0.000323846356276636,sideways_quiet,0.4002746410820826,0.3470592498779297
2018-07-12,1.0048220684004174,0.32262431418823706,0.0007871806047899389,-0.00015003083810055938,0.0001901558611599705,-0.0004738286074370879,sideways_quiet,0.09039434897714352,0.06677072495222092
2018-07-13,1.0045320678130758,0.32262431418823706,-0.0008945664750428539,-0.0002886088955064894,0.0,-0.0007623007517925669,sideways_quiet,0.08910395156760716,0.06457245349884033
2018-07-16,1.0057923193244283,0.25419127334504527,0.004037106955921009,0.0012545657343683426,4.790312859023426e-05,0.0,sideways_quiet,0.1055350080243547,0.1415655016899109
2018-07-17,1.006267018349752,0.3430335027050759,0.0021013892624929227,0.0004719652518746602,6.218956055202142e-05,0.0,sideways_quiet,0.08600512340466093,0.05591556057333946
2018-07-18,1.0049627232934117,0.3430335027050759,-0.0037785578169255564,-0.0012961719231136184,0.0,-0.0012961719231136346,sideways_quiet,0.08940998642192727,0.06578965485095978
2018-07-19,1.0045168551511927,0.2696122397495101,-0.0011435368899324159,-0.0004436663488948815,5.139488406889605e-05,-0.0017392632041438336,sideways_quiet,0.10197365597929374,0.12021293491125107
2018-07-20,1.0050199520623,0.2696122397495101,0.0018576111890104257,0.0005008347132528514,0.0,-0.0012392995742791229,sideways_quiet,0.10052356969480505,0.11212135851383209
2018-07-23,1.0063347743927702,0.33395254597137836,0.005019405531929277,0.0013082549533192257,4.503821435530778e-05,0.0,sideways_quiet,0.08786598924179759,0.06102173402905464
2018-07-24,1.0091867824422327,0.33395254597137836,0.008486400193444807,0.002834054950732891,0.0,0.0,sideways_quiet,0.0885765420977052,0.06371869146823883
2018-07-25,1.008390771655747,0.33395254597137836,-0.0023619061672846917,-0.0007887645779102231,0.0,-0.0007887645779103219,sideways_quiet,0.08828937744447632,0.06319466978311539
2018-07-26,1.0061010709599867,0.33395254597137836,-0.006799313952093535,-0.00227064820516035,0.0,-0.0030576217761974526,sideways_quiet,0.08653966735721577,0.05802900344133377
2018-07-27,1.0043218613275569,0.30617701287044014,-0.005237203675095492,-0.0017684203742394558,1.9442873170656755e-05,-0.00482063498979122,sideways_quiet,0.09398297047970346,0.07918639481067657
2018-07-30,1.0058339171369555,0.30617701287044014,0.00491725038771483,0.0015055490352465402,0.0,-0.0033223436569029315,sideways_quiet,0.08966870075212136,0.06681378185749054
2018-07-31,1.0053189911074905,0.30617701287044014,-0.0016720374025657521,-0.0005119394173252315,0.0,-0.003832582235552259,sideways_quiet,0.09367995332907525,0.07766153663396835
2018-08-01,1.0069912598748876,0.30617701287044014,0.00543287371593472,0.0016634210456472206,0.0,-0.0021755363878547384,sideways_quiet,0.09031472900813142,0.06616417318582535
2018-08-02,1.0083095241092126,0.30617701287044014,0.004275670079224741,0.0013091118928765493,0.0,-0.0008692725155368539,sideways_quiet,0.09107745493303458,0.06699544936418533
2018-08-03,1.0094189468189585,0.3354178079750966,0.003660459201019565,0.001100279907329029,2.0468556573259544e-05,0.0,sideways_quiet,0.08766749267363093,0.0590323768556118
2018-08-06,1.0105351940452243,0.3354178079750966,0.00329687760242284,0.0011058314585668612,0.0,0.0,sideways_quiet,0.08899270231803197,0.06416549533605576
2018-08-07,1.0103927433339353,0.3354178079750966,-0.0004202687152244611,-0.00014096561122109886,0.0,-0.00014096561122112564,sideways_quiet,0.08525188071192982,0.05481865257024765
2018-08-08,1.0099294299473298,0.3354178079750966,-0.0013670944295027395,-0.00045854781683877415,0.0,-0.0005994487885865451,sideways_quiet,0.08400903124121392,0.05199913680553436
2018-08-09,1.0076361034742856,0.31273728133189554,-0.006722667999259242,-0.0022707789327061044,1.5876368650240758e-05,-0.002868866505612264,sideways_quiet,0.09265327275396175,0.07276375591754913
2018-08-10,1.0064066142416757,0.24522832624163143,-0.0037504821950417855,-0.0012201718739242328,4.725626856318488e-05,-0.004085537869316278,sideways_quiet,0.1082542068297746,0.15049606561660767
2018-08-13,1.0079763577826049,0.24522832624163143,0.006360402336152668,0.001559750819118081,0.0,-0.002532159471236506,sideways_quiet,0.11231724765831116,0.19045226275920868
2018-08-14,1.0061093030338082,0.22495606392262302,-0.007495421687086555,-0.001852280298422767,1.419058362330589e-05,-0.00437974950055825,sideways_quiet,0.11205074317874578,0.19339218735694885
2018-08-15,1.0079147997420272,0.19873486019064604,0.008058854565280422,0.0017945333601179611,1.8354842612383883e-05,-0.0025930757470281423,sideways_quiet,0.11814894615476272,0.24862994253635406
2018-08-16,1.0085965381610527,0.23017668556627044,0.0035142010040534032,0.0006763849674594439,2.200927776293708e-05,-0.0019184446970234624,sideways_quiet,0.11154151415165038,0.17842380702495575
2018-08-17,1.0090928097231862,0.23017668556627044,0.0021376696150321346,0.000492041706823822,0.0,-0.0014273469450026758,sideways_quiet,0.10848286483508271,0.1530393809080124
2018-08-20,1.0095861244122852,0.3020804960592242,0.0023425576654248943,0.0004888694918302949,5.033266734506764e-05,-0.0009391752395479515,sideways_quiet,0.0951926384641016,0.07981313765048981
2018-08-21,1.009372866148371,0.2565762054592537,-0.0005938163953526431,-0.0002112333546962062,3.185300341997936e-05,-0.0011502102091075859,sideways_quiet,0.10588874127218202,0.1306069940328598
2018-08-22,1.008989799261348,0.31168489927836746,-0.0013287814676808238,-0.00037950979253550336,3.857608567337964e-05,-0.0015292834856053764,sideways_quiet,0.09310294738339223,0.07139895111322403
2018-08-23,1.0108610599328598,0.3340230609721866,0.006000370927635234,0.0018545882950271588,1.5636713185673394e-05,0.0,sideways_quiet,0.08817529799272673,0.05751734599471092
2018-08-24,1.0134972801984559,0.3611275645917762,0.007864333972650215,0.0026078957535184684,1.897315253371272e-05,0.0,sideways_quiet,0.08257820406316539,0.04571949690580368
2018-08-27,1.0136740806604345,0.3611275645917762,0.0004830589898629278,0.00017444591656336263,0.0,0.0,sideways_quiet,0.08344054857254454,0.049082010984420776
2018-08-28,1.0156069895175124,0.3166899228400314,0.005366361323691596,0.001906834646318025,3.110634922622136e-05,0.0,sideways_quiet,0.09202576858904189,0.06740372627973557
2018-08-29,1.0143022546349294,0.3166899228400314,-0.004056601512742224,-0.0012846848200630894,0.0,-0.001284684820062951,sideways_quiet,0.09185621402975737,0.06254979223012924
2018-08-30,1.0142850386775837,0.27684317312601997,3.448017043630606e-05,-1.6973202284823096e-05,2.7892724799807995e-05,-0.0013016362171323,sideways_quiet,0.10202467618335544,0.09616527706384659
2018-08-31,1.0137628599401145,0.3305678116033194,-0.0017237817279795312,-0.0005148244502846168,3.760724693410959e-05,-0.0018157905532670427,sideways_quiet,0.08886553062287346,0.059965312480926514
2018-09-04,1.01262512216132,0.0,-0.0026950426934643306,-0.0011222918334783429,0.00023139746812232356,-0.0029360445398361524,sideways_quiet,0.11953247159127238,0.26831021904945374
2018-09-05,1.012416654800374,0.29409749878789765,-0.003014590593621199,-0.00020586824915152835,0.00020586824915152835,-0.003141308350638783,sideways_quiet,0.11979751850955496,0.29535698890686035
2018-09-06,1.0118031225493944,0.2456469758470191,-0.001945247067113778,-0.0006060076630212708,3.3915366058614976e-05,-0.0037454123567277524,sideways_quiet,0.1287401260852025,0.36750754714012146
2018-09-07,1.012211707813607,0.21297006383393327,0.0017370162067597659,0.00040381893977863687,2.2873838409160087e-05,-0.0033431058853960406,sideways_quiet,0.11348947346213363,0.2265644669532776
2018-09-10,1.0127704625685179,0.0,0.0032919780210391766,0.0005520137245968654,0.0001490790446837533,-0.0027929376011305886,sideways_quiet,0.11711733944230675,0.2581902742385864
2018-09-11,1.01262756024123,0.2015720139802481,0.0002421686584574769,-0.00014110040978617368,0.00014110040978617368,-0.002933643926276847,sideways_quiet,0.11638751111553129,0.24926511943340302
2018-09-12,1.013807117019683,0.23561805149504472,0.005897047898963309,0.0011648475952716673,2.3832226260357636e-05,-0.0017722135790779617,sideways_quiet,0.10944266945698637,0.17482660710811615
2018-09-13,1.013805549155845,0.29571194964900716,0.00017196992111143846,-1.546510979740015e-06,4.20657287077737e-05,-0.001773757349310003,sideways_quiet,0.09649581343550906,0.0868811160326004
2018-09-14,1.012214128505835,0.29571194964900716,-0.005308373230784791,-0.0015697493975399698,0.0,-0.003340722392319501,sideways_quiet,0.0953870210125579,0.08164681494235992
2018-09-17,1.0137878553507162,0.23070074696185688,0.005411499028350448,0.0015547370863162136,4.5507841881005186e-05,-0.0017911792510017623,sideways_quiet,0.11052137145082472,0.18408438563346863
2018-09-18,1.0140369500067115,0.23070074696185688,0.001065045901419516,0.00024570688500614654,0.0,-0.0015459124710699443,sideways_quiet,0.11011238214786281,0.1824905127286911
2018-09-19,1.0158665867736165,0.31313760582315975,0.008071129316734715,0.0018043097609935282,5.7705801202912e-05,0.0,sideways_quiet,0.09248798638924395,0.07323306798934937
2018-09-20,1.0141390778946442,0.31313760582315975,-0.005430607129735593,-0.0017005273147715852,0.0,-0.0017005273147715995,sideways_quiet,0.09357191407659436,0.07609835267066956
2018-09-21,1.0130669542139312,0.33483776104133256,-0.0033275660804232346,-0.0010571761842948085,1.5190108652720967e-05,-0.0027559057420885385,sideways_quiet,0.08752305660458491,0.06220722198486328
2018-09-24,1.0127521087915257,0.33483776104133256,-0.0009281641822477785,-0.0003107844166626055,0.0,-0.0030658336661927355,sideways_quiet,0.08945245997493217,0.06446829438209534
2018-09-25,1.0117216895447376,0.3148003140080533,-0.0029967303134387914,-0.001017444681519831,1.4026212923295478e-05,-0.004080159031554581,sideways_quiet,0.0925672490535961,0.06751362979412079
2018-09-26,1.012610390421697,0.3148003140080533,0.0027903545616681496,0.0008784044922069375,0.0,-0.003205338569369812,sideways_quiet,0.09435454366740845,0.0774250328540802
2018-09-27,1.01264328532509,0.3148003140080533,0.00010319319975419512,3.248525168611639e-05,0.0,-0.0031729574439137115,sideways_quiet,0.0928874820541386,0.06979908049106598
2018-09-28,1.01374886231026,0.3148003140080533,0.003468145787024826,0.0010917733827811224,0.0,-0.0020846482116145164,sideways_quiet,0.09505295826689586,0.07898133248090744
2018-10-01,1.0135628274934636,0.3148003140080533,-0.0005829464933681313,-0.00018351173916218128,0.0,-0.0022677773933579572,sideways_quiet,0.09304831324260247,0.07055012881755829
2018-10-02,1.013737880138074,0.3148003140080533,0.0005486341601209336,0.0001727102058816145,0.0,-0.002095458855776708,sideways_quiet,0.08946527849746153,0.061221931129693985
2018-10-03,1.0111974689516081,0.36613066345351086,-0.007846412218619621,-0.002505984274869903,3.5931244611820286e-05,-0.0045961919437054076,sideways_quiet,0.08134287035603731,0.04697218909859657
2018-10-04,1.0090507536667843,0.2690523338803507,-0.005612719892668467,-0.0021229436887826364,6.79548307012121e-05,-0.006709378175808725,sideways_quiet,0.1029393179483,0.11372596025466919
2018-10-05,1.0090507536667843,0.2690523338803507,0.0,0.0,0.0,-0.006709378175808725,sideways_quiet,0.1023469008287061,0.11629772931337357
2018-10-08,1.0086175627879372,0.21706280161982056,-0.0014603577813288276,-0.000429305341949223,3.639267258237111e-05,-0.0071358031458659535,sideways_quiet,0.11274294711305906,0.21688640117645264
2018-10-09,1.0015733103718811,0.21706280161982056,-0.032175327738924224,-0.0069840667820468185,0.0,-0.01407003300219836,sideways_quiet,0.11286529062617529,0.2183861881494522
2018-10-10,0.9966053793143116,0.03770330189264972,-0.022272704268319985,-0.0049601272379402915,0.00012555164980901959,-0.018960371086205678,sideways_quiet,0.19879054198938928,0.6002634763717651
2018-10-11,0.9970997131773484,0.07201325168128458,0.013792813721223516,0.0004960176548283273,2.4016964852044406e-05,-0.018473758110178217,bear_volatile,0.2068715641950319,0.6027334928512573
2018-10-12,0.9966952490496107,0.07201325168128458,-0.005632860513300101,-0.00040564060182985003,0.0,-0.018871905005650214,bear_volatile,0.18870445360062985,0.5963273048400879
2018-10-15,0.9982477666953966,0.07201325168128458,0.021630259784663514,0.001557665341804542,0.0,-0.017343635776206727,bear_volatile,0.1742554547287643,0.587942898273468
2018-10-16,0.9978638281321424,0.6398092745934812,0.00017836608767098192,-0.0003846124940756812,0.0003974572160385377,-0.017721577691270234,bull_volatile,0.12070221853898229,0.22773601114749908
2018-10-17,0.9884880970096207,0.5128641946473363,-0.01454642966960099,-0.009395802170794804,8.886155596230143e-05,-0.026950871423923554,bull_volatile,0.12934403136729883,0.33664077520370483
2018-10-18,0.9879888395446478,0.1890350380721321,-0.0005428169793680889,-0.0005050718025671578,0.000226680409602643,-0.027442331101279967,bear_volatile,0.15160088824093995,0.541473925113678
2018-10-19,0.9871486314671359,0.1890350380721321,-0.004498756680096918,-0.0008504226402993794,0.0,-0.028269416161908187,bear_volatile,0.1504822081819391,0.5403987169265747
2018-10-22,0.986196230621286,0.1890350380721321,-0.005103814901447561,-0.0009647998442082548,0.0,-0.0292069416778076,bear_volatile,0.15528379234246317,0.5507820844650269
2018-10-23,0.9803877883594173,0.0837490389539494,-0.030767008987836523,-0.005889742914764035,7.370019938272789e-05,-0.03492466321476284,bear_volatile,0.18216272762142996,0.5931745767593384
2018-10-24,0.9818477648448137,0.0837490389539494,0.017781489427391158,0.0014891826507138215,0.0,-0.033487489766590585,bear_volatile,0.18546332045773303,0.5943430662155151
2018-10-25,0.9803887069293769,0.0837490389539494,-0.017743878014358665,-0.00148603273101865,0.0,-0.034923758991736414,bear_volatile,0.18321858620655498,0.5937812328338623
2018-10-26,0.9799325488888656,0.0837490389539494,-0.005555679735930936,-0.0004652828386201473,0.0,-0.03537279240463761,bear_volatile,0.19611948401718743,0.599109411239624
2018-10-29,0.9811397553372015,0.0837490389539494,0.01470975811483792,0.0012319281053627344,0.0,-0.0341844410364033,bear_volatile,0.20300307129386663,0.6008497476577759
2018-10-30,0.982012743153977,0.0837490389539494,0.010624230324527811,0.0008897690793046102,0.0,-0.03332508821572625,bear_volatile,0.20663909224613092,0.6018490791320801
2018-10-31,0.9828833329382144,0.0837490389539494,0.010585627590690578,0.0008865361374447468,0.0,-0.032468095973268156,bear_volatile,0.19769584334139156,0.5994515419006348
2018-11-01,0.9820021409104548,0.6537758698294932,-0.005940593358602918,-0.0008965377662120896,0.0003990187816128807,-0.0333355248652433,bear_volatile,0.09377611032808737,0.0190630704164505
2018-11-02,0.9854719731842442,0.7444912895265635,0.005501774145743519,0.0035334263839509367,6.350079378794922e-05,-0.029919887104373984,bear_volatile,0.08317796687238185,0.009195650927722454
2018-11-05,0.9896460153854284,0.08644088504047842,0.0063079476191934235,0.004235576774139068,0.00046063528314025954,-0.025811038309139025,bear_volatile,0.17898700590648123,0.587418794631958
2018-11-07,0.989064276337975,0.7018692242615275,-0.0018165656782744369,-0.0005878253824189337,0.00043079983745473435,-0.026383691308093343,bull_volatile,0.08803707754027426,0.011351754888892174
2018-11-08,0.982249890896396,0.7018692242615275,-0.009816258332266129,-0.006889729620818384,0.0,-0.033091644429399755,bull_volatile,0.08736146489111497,0.010915280319750309
2018-11-09,0.9688628467775822,1.2594661318503488,-0.018861977910483718,-0.01362895963938145,0.0003903178353121749,-0.0462695993824522,bull_volatile,0.0789055222543428,0.00621167104691267
2018-11-12,0.9658582123443618,0.19891798284834775,-0.001872867488496103,-0.0031011968755058654,0.0007423837043014007,-0.049227305120922354,bear_volatile,0.1578613952036478,0.4975764751434326
2018-11-13,0.9644662674096286,0.08957368360461247,-0.006860150527645864,-0.0014411483144659584,7.654100947061469e-05,-0.05059750958758757,bear_volatile,0.17760292527563376,0.5757720470428467
2018-11-14,0.9653632234485818,0.08957368360461247,0.01038254163095934,0.0009300024990632691,0.0,-0.04971456289888708,bear_volatile,0.20759584067851766,0.6010900735855103
2018-11-15,0.9655368012752262,0.16505833380185658,0.002597246901833087,0.00017980571708978605,5.2839255138070874e-05,-0.049543696144429016,bear_volatile,0.17931294629862632,0.5264464616775513
2018-11-16,0.9625829150674622,0.5130019540122104,-0.017059178822574482,-0.0030593201666293092,0.00024356053414724765,-0.05245144628231431,bear_volatile,0.11685783225055482,0.04082725942134857
2018-11-19,0.9531100922828606,0.1438611595003367,-0.01867955357480556,-0.009841046040109333,0.00025839855615831153,-0.06177631522468911,bear_volatile,0.1936796375983895,0.5541923642158508
2018-11-20,0.9535765217968639,0.1438611595003367,0.0034017265425041,0.0004893763247077113,0.0,-0.06131717076607993,bear_volatile,0.19100756399039356,0.5468313694000244
2018-11-21,0.9526572469897148,0.1438611595003367,-0.006701102367690993,-0.0009640283565464778,0.0,-0.062222087631264716,bear_volatile,0.18549135672607298,0.5205293893814087
2018-11-23,0.9548061461738275,0.07485191458275048,0.016015415321976274,0.002255689746656655,4.8306471442310356e-05,-0.06010675160969357,bear_volatile,0.20909742068729015,0.5826308727264404
2018-11-26,0.9547672354034965,0.4922324064748341,0.0033588160210941014,-4.0752534414349056e-05,0.00029216634432445855,-0.060145054641644456,bear_quiet,0.12306375421568976,0.03078451380133629
2018-11-27,0.965465679014172,0.4922324064748341,0.022764226209489338,0.011205289848634429,0.0,-0.049613707563231656,bear_quiet,0.12337960054637989,0.02721576951444149
2018-11-28,0.9644261259686965,0.4922324064748341,-0.0021874574443871125,-0.001076737441911959,0.0,-0.050637024068578236,bear_quiet,0.12459272854404063,0.029721755534410477
2018-11-29,0.9672907324611534,0.5221087931619629,0.006076771771168585,0.0029702705218396623,2.0913470680990143e-05,-0.0478171592066431,bear_quiet,0.11682030940360538,0.024113427847623825
2018-11-30,0.9738531026247905,0.40238811193259233,0.01315450635189911,0.00678427895917086,8.38044768605594e-05,-0.04135728519456522,bear_quiet,0.14048167779463405,0.09554948657751083
2018-12-03,0.9607784404278803,0.6473190012323419,-0.032938972726007744,-0.013425702666727234,0.00017145162250982468,-0.05422773724716717,bull_quiet,0.13353737689347933,0.1355871856212616
2018-12-04,0.9594496538248717,0.07557588529599822,-0.001518279337333273,-0.0013830312453897166,0.00040022018115544054,-0.05553576983757732,bear_volatile,0.20813757291488602,0.5805284976959229
2018-12-06,0.9577449024232153,0.07557588529599822,-0.023510162043045117,-0.001776801309855509,0.0,-0.05721389511884152,bear_volatile,0.2093348043802058,0.5825469493865967
2018-12-07,0.9578820839078351,0.07557588529599822,0.0018952321119764235,0.00014323384470402265,0.0,-0.057078856240305786,bear_volatile,0.20776533020634236,0.5782062411308289
2018-12-10,0.957863297225885,0.1281214054551414,0.00022717742319274082,-1.9612729234345192e-05,3.678186411140022e-05,-0.05709734949738767,bear_volatile,0.21007662004440186,0.5693550109863281
2018-12-11,0.9584796986291211,0.1281214054551414,0.005022713334834678,0.0006435170916572991,0.0,-0.056490575526020305,bear_volatile,0.2011398642927515,0.5566000938415527
2018-12-12,0.9584048215559698,0.1776607472119617,-0.0003390778254033106,-7.812066677911943e-05,3.467753922977422e-05,-0.05656428311137267,bear_volatile,0.18134450700457724,0.4845151901245117
2018-12-13,0.9552082274347464,0.14308983037272333,-0.018637364083155077,-0.003335327670862175,2.4199641787466866e-05,-0.059710950363591066,bear_volatile,0.19858684637978077,0.5453478693962097
2018-12-14,0.9525001231758453,0.14308983037272333,-0.019813379448779447,-0.0028350931044362534,0.0,-0.06237675736439225,bear_volatile,0.18847487112470473,0.5266923308372498
2018-12-17,0.9523505976685684,0.14308983037272333,-0.001097088026179746,-0.0001569821395700057,0.0,-0.06252394746713179,bear_volatile,0.19738062462584283,0.5460865497589111
2018-12-18,0.9502943954449132,0.14308983037272333,-0.015088990911623237,-0.002159081150039733,0.0,-0.0645480343407691,bear_volatile,0.20255948935391363,0.5606761574745178
2018-12-19,0.9480441477254253,0.171052694389975,-0.016411886126272028,-0.002367948006716792,1.9574004812076172e-05,-0.06676313595823115,bear_volatile,0.18257448365096626,0.5003222823143005
2018-12-20,0.9437182414007147,0.13419015094808723,-0.02652501947718206,-0.00456297983072788,2.5803780409321442e-05,-0.0710214769461454,bear_volatile,0.2016646531588488,0.5670174360275269
2018-12-21,0.9403270998292934,0.13419015094808723,-0.026778295497672407,-0.003593383514965145,0.0,-0.07435965305664385,bear_volatile,0.19632837201287087,0.5459572076797485
2018-12-24,0.9465466304889513,0.13419015094808723,0.049289909317996004,0.006614220371599415,0.0,-0.06823726381711681,bear_volatile,0.20684044433856794,0.5597939491271973
2018-12-26,0.947475982902512,0.07067883149601607,0.007648047996319477,0.000981834791467877,4.4457923616449806e-05,-0.06732242674533916,bear_volatile,0.20933814833045727,0.6054459810256958
2018-12-27,0.9473895411629867,0.07067883149601607,-0.0012908207168937115,-9.12336999408973e-05,0.0,-0.06740751837119906,bear_volatile,0.2011574167644814,0.6043720841407776
2018-12-28,0.9479734816691501,0.07067883149601607,0.008720686114660408,0.0006163679044277301,0.0,-0.06683269829761244,bear_volatile,0.21007772194301527,0.6063612699508667
2018-12-31,0.9480431479955264,0.07067883149601607,0.0010397701860406516,7.34897417737485e-05,0.0,-0.06676412007357857,bear_volatile,0.17875923004807395,0.5944823622703552
2019-01-02,0.9464247989223358,0.07067883149601607,-0.024152091139486728,-0.0017070415799242053,0.0,-0.06835719252449012,bear_volatile,0.19411353857846345,0.6025598645210266
2019-01-03,0.9486286941549121,0.07067883149601607,0.03294696944123263,0.002328653301441272,0.0,-0.06618771942509828,bear_volatile,0.1968583009155497,0.6048149466514587
2019-01-04,0.9491552703475679,0.07067883149601607,0.007853723405748247,0.0005550919932111978,0.0,-0.06566936770498892,bear_volatile,0.17462506313128684,0.5899170637130737
2019-01-07,0.9497826153496091,0.07067883149601607,0.009351468556684412,0.0006609508703581902,0.0,-0.0650518210603713,bear_volatile,0.17831691871774263,0.5929991602897644
2019-01-08,0.9500956137466036,0.07067883149601607,0.004662604047895456,0.0003295474058338454,0.0,-0.06474371131341272,bear_volatile,0.18248370442220457,0.5968947410583496
2019-01-09,0.9500732257862946,0.4598913008416888,0.003521348908550946,-2.3563902395818488e-05,0.0002724487285419709,-0.06476574960131434,bear_quiet,0.14674903539270004,0.3251139521598816
2019-01-10,0.9499946996962144,0.08806884253577395,0.0003862283308007157,-8.265267134028516e-05,0.0002602757208141404,-0.06484304921043879,bear_quiet,0.17412608779981778,0.591064453125
2019-01-11,0.9490899905547693,0.6786171139957619,-0.00611960961238011,-0.000952330725355104,0.00041338379002199153,-0.06573362790770501,bear_quiet,0.09117235352543505,0.010062089189887047
2019-01-14,0.9562758509280338,0.44725357068233224,0.011395631602565357,0.007571316149972401,0.00016195448031940072,-0.05866000183630646,bear_quiet,0.1111867628041155,0.20434117317199707
2019-01-15,0.9570958108920578,0.1279355612751703,0.0024169150781274914,0.0008574512921434753,0.00022352260658501334,-0.05785284863853456,bear_quiet,0.16328626564915047,0.44293013215065
2019-01-16,0.9580212718577236,0.1279355612751703,0.007558078730287087,0.000966947044521205,0.0,-0.056941842235021405,bear_quiet,0.15767835932054297,0.43545669317245483
2019-01-17,0.9596418518339638,0.1279355612751703,0.013222209602931542,0.0016915908068489936,0.0,-0.05534657372502231,bear_quiet,0.18042892796849408,0.4576728343963623
2019-01-18,0.9579718301765103,0.1279355612751703,-0.013602591137040479,-0.0017402551319139307,0.0,-0.056990511697977426,bear_quiet,0.16897054246940924,0.4490013122558594
2019-01-22,0.9581748626528621,0.04868174748297144,0.0020902522366409632,0.00021193992344680252,5.547766965453921e-05,-0.056790650339217104,sideways_quiet,0.20569817971807014,0.46593350172042847
2019-01-23,0.9581790238875898,0.07942634930373432,0.0005312894201534258,4.342876117749377e-06,2.1521221274534018e-05,-0.056786554097858384,sideways_quiet,0.14195867858059694,0.3986528217792511
2019-01-24,0.9587824060908566,0.1358776212811338,0.00842583732694401,0.0006297176083221184,3.9515890384179625e-05,-0.056192595982567706,sideways_quiet,0.13992278216356804,0.3916040062904358
2019-01-25,0.9577884886239585,0.1358776212811338,-0.007629258522316065,-0.0010366455001511246,0.0,-0.057170989680951675,sideways_quiet,0.13634773130078737,0.3668234944343567
2019-01-28,0.9576156771688671,0.1358776212811338,-0.0013278682247815595,-0.00018042757575812018,0.0,-0.05734110203363792,sideways_quiet,0.1368775956175096,0.3725275993347168
2019-01-29,0.9596099879179033,0.06213622000049025,0.01570676929998593,0.0020825794695971764,5.1618980896450476e-05,-0.05537793996590013,sideways_quiet,0.16698306431559068,0.44662952423095703
2019-01-30,0.9597906724444523,0.5693303772557904,0.008744102128510768,0.00018828954348519008,0.0003550359100787101,-0.055200077509450204,sideways_quiet,0.08441393506050197,0.03881165012717247
2019-01-31,0.9600537869796967,0.5693303772557904,0.0004815085008072138,0.0002741374164164411,0.0,-0.0549410724996683,sideways_quiet,0.08434251851863447,0.038733888417482376
2019-02-01,0.9638303956980768,0.4868668093862705,0.007010817745824104,0.003933747014592963,5.77244975086639e-05,-0.051223449764999346,sideways_quiet,0.09457458455477916,0.07909547537565231
2019-02-04,0.9652803897890316,1.2471491010648388,0.004183085590188793,0.0015044079305099045,0.0005321976041749978,-0.04979610279854386,bear_quiet,0.07788869095114212,0.028611890971660614
2019-02-05,0.9636696925956895,1.2136000071016453,-0.001319126204606274,-0.0016686314260400228,2.348436577423545e-05,-0.05138164288255994,bear_quiet,0.07978087365992897,0.03177931159734726
2019-02-06,0.9524385503736452,1.2565358062464098,-0.009578527266094447,-0.01165455581755686,3.0055059401335172e-05,-0.06243736847514415,bear_quiet,0.07737034887170875,0.0278138630092144
2019-02-07,0.9537586232776416,1.0451385285136459,0.0012207935612057648,0.0013859927272771768,0.00014797809441293477,-0.061137913486483765,bear_quiet,0.08980128237747992,0.06145219877362251
2019-02-08,0.9541828742002196,1.2374517961505205,0.0005544138732615392,0.00044482001234230373,0.00013461928734581223,-0.06072028884157301,bear_quiet,0.0785113151831037,0.028460320085287094
2019-02-11,0.9692228767304946,1.1670775536420428,0.01277742078377807,0.01576218032930123,4.9261969755934376e-05,-0.045915192654639794,bear_quiet,0.08262129303471505,0.03574543446302414
2019-02-12,0.9728897211190826,1.1670775536420428,0.0032416722801614796,0.0037832829544400823,0.0,-0.04230561986591971,bull_quiet,0.08262659208803626,0.03561476990580559
2019-02-13,0.9702592116248262,1.0069164816752343,-0.0022206731625570315,-0.002703810552372365,0.00011211275037676596,-0.04489504403687392,bull_quiet,0.0935974170616149,0.05755218118429184
2019-02-14,0.9802328698756849,0.1013440829622641,0.010838312654595526,0.010279374966362418,0.0006339006790990791,-0.03507716206229794,bull_quiet,0.19774911234588238,0.4655812680721283
2019-02-15,0.979767404428707,1.0300360453264377,0.0017290843444572733,-0.0004748519064014916,0.0006500843736549216,-0.03553535751142302,bull_quiet,0.0924381208043539,0.04785403609275818
2019-02-19,0.9817993583099809,1.0300360453264377,0.002013438816184354,0.002073914555729276,0.0,-0.033535140250879655,bull_quiet,0.09238656400837011,0.048144757747650146
2019-02-20,0.9781241214962093,0.9240859208816118,-0.0035622087717305444,-0.003743368522971855,7.416508711137811e-05,-0.03715297438542295,bull_quiet,0.099849476162949,0.07730504870414734
2019-02-21,0.9836365400453101,1.0325585451800847,0.006180848820195919,0.005635704536831839,7.593083700893105e-05,-0.03172665303489189,bull_quiet,0.09225137518802078,0.04745054244995117
2019-02-22,0.9849786221142554,0.9751476703722745,0.0013603065239562613,0.001364408513009788,4.0187612365467186e-05,-0.030405532637372272,bull_quiet,0.09636750013320497,0.06027456745505333
2019-02-25,0.9839910935845804,0.5399008179084425,-0.0007157028820414423,-0.0010025887948261177,0.0003046727967246824,-0.031377637185875405,bull_quiet,0.10430591070211039,0.0989624559879303
2019-02-26,0.9834487979874387,0.9957988737244428,-0.0004296895897642695,-0.0005511184000316725,0.0003191286390712002,-0.03191146279270437,bull_quiet,0.09484295159622845,0.05555495619773865
2019-02-27,0.9816019798315264,1.0264573874160299,-0.0018642707295814414,-0.0018778996524187555,2.1460959584110984e-05,-0.033729435920236535,bull_quiet,0.09266491505323785,0.04883413389325142
2019-02-28,0.9878734979167734,1.0264573874160299,0.006224383297258263,0.00638906421757969,0.0,-0.027555871234774005,bull_quiet,0.09147327866084351,0.045820362865924835
2019-03-01,0.9841620668798704,1.0029222974539564,-0.0036441021995717456,-0.0037569901862228735,1.64745629734514e-05,-0.031209334283195,bull_quiet,0.09438631319190743,0.053378619253635406
2019-03-04,0.982818707545508,1.0029222974539564,-0.0013610005125166476,-0.0013649777608492084,0.0,-0.03253171199681668,bull_quiet,0.09406535334296709,0.054862130433321
2019-03-05,0.9768121150751526,1.0293560583051204,-0.006075340033059994,-0.00611159761636634,1.85036325958148e-05,-0.03844448887968699,bull_quiet,0.09231742613687,0.04972498118877411
2019-03-06,0.9677547293291924,0.1362182205679039,-0.00840058828033787,-0.009272392926108831,0.0006251964864160516,-0.04736040939905996,bull_quiet,0.15769884908217416,0.42716115713119507
2019-03-07,0.9672234035490582,0.5309624890763801,-0.002001996443957229,-0.0005490293811350583,0.00027632098795593335,-0.047883436523932364,bull_quiet,0.10485635429208136,0.10920334607362747
2019-03-08,0.9742695582583586,1.0443810325695673,0.014397105360716386,0.007284929917375636,0.000359392980445231,-0.040947334085836735,bear_quiet,0.09119326709372513,0.047594815492630005
2019-03-11,0.9780806871310431,1.0170415238502635,0.003763873770286568,0.003911780718569883,1.9137656103512655e-05,-0.037195730359220774,bull_quiet,0.09329037146073162,0.05119818449020386
2019-03-12,0.9845978707958706,0.9504655879169923,0.006597410473970337,0.006663237246759191,4.660315515328981e-05,-0.030780337088411495,bull_quiet,0.09814045686387451,0.06720872968435287
2019-03-13,0.9839193109500953,1.0660389546606381,-0.000639973980175984,-0.0006891746020400962,8.090135672055208e-05,-0.03144829866388801,bull_quiet,0.08988925752048284,0.04174549877643585
2019-03-14,0.9844390927937351,1.0084897976107792,0.0005333400882334389,0.0005282769002040865,4.028440993490128e-05,-0.030936635173418662,bull_quiet,0.093974232044324,0.052279457449913025
2019-03-15,0.9877111511143443,0.5424264973597565,0.0036192965574422,0.0033237793425325585,0.0003262443101757159,-0.027715682379803114,bull_quiet,0.10390490855291612,0.0982275903224945
2019-03-18,0.9875630722391197,0.948720977337919,0.00024793202768967686,-0.00014992123462170023,0.0002844061359847138,-0.02786144844510398,bull_quiet,0.09800301676066912,0.0702248215675354
2019-03-19,0.9844622048811669,0.5486895505213301,-0.003014475661975376,-0.0031399182949622614,0.00028002199877161227,-0.030913884068369347,bull_quiet,0.1030605071872969,0.09522842615842819
2019-03-20,0.9902550921320805,0.9461630493422427,0.011231393051487988,0.005884316555974696,0.0002782314491746389,-0.025211474592227594,bull_quiet,0.09819880668420407,0.07087917625904083
2019-03-21,0.9719616007893741,1.06875722054506,-0.01943396344627371,-0.01847351403497399,8.581591984197206e-05,-0.043219244097479646,bull_quiet,0.08956037630663016,0.04281701147556305
2019-03-22,0.9711657283823925,1.0899582973473918,-0.0007522666061259927,-0.0008188311208337137,1.4840753761632297e-05,-0.04400268595622738,bull_quiet,0.08796192462009704,0.04125170409679413
2019-03-25,0.9786641371599404,0.5564355584452452,0.007426435726463338,0.007721039322544318,0.0003734659172315026,-0.03662139310224859,bull_quiet,0.10206664471062238,0.09130383282899857
2019-03-26,0.9758090953537337,0.5564355584452452,-0.005242807627602643,-0.0029172845900860677,0.0,-0.039431842666570065,bull_quiet,0.10403713104915764,0.10054822266101837
2019-03-27,0.9775216137281985,1.0566894078600988,0.0037832780734960493,0.001754972752989028,0.00035017769459039753,-0.037746071723060964,bull_quiet,0.09039917668511828,0.044761475175619125
2019-03-28,0.9836533094663266,0.5290457977246092,0.006285712996999891,0.006272695817683499,0.00036935052709484266,-0.031710145531608676,sideways_quiet,0.09020620480965039,0.045535728335380554
2019-03-29,0.989788480838223,0.5290457977246092,0.011789391005819612,0.00623712776936117,0.0,-0.02567079799151318,sideways_quiet,0.09100918824731377,0.048400696367025375
2019-04-01,0.9896792537208517,1.0568246057585764,0.0004897329633613274,-0.0001103539993502467,0.000369445165623777,-0.025778319115638517,bull_quiet,0.09025202600231653,0.04619438201189041
2019-04-02,0.991304981815375,1.0295867218408845,0.0015723974501072329,0.0016426817965629827,1.906651874238432e-05,-0.024177982894632848,bull_quiet,0.09217594311468848,0.050968728959560394
2019-04-03,0.994009519628687,1.0295867218408845,0.0026498594304710924,0.0027282600843578854,0.0,-0.02151568663592665,bull_quiet,0.09127720873416742,0.04843313246965408
2019-04-04,0.9988773008553692,0.9234605032471991,0.00482854485141518,0.004897117311814656,7.42883530155798e-05,-0.016723934165612395,bull_quiet,0.09977905913887794,0.07857979834079742
2019-04-05,0.9992895511412169,0.5076750121462813,0.0007620937553832577,0.00041271363909712856,0.0002910498437706424,-0.016318122722244633,bull_quiet,0.10777790522665007,0.12454161047935486
2019-04-08,0.9966829466170593,0.5076750121462813,-0.005138046264924557,-0.0026084576999537297,0.0,-0.018884015289334737,bull_quiet,0.13270763008886155,0.3449125289916992
2019-04-09,0.9983541633628318,0.4334634959920308,0.0034051838877499486,0.0016767787102658011,5.194806130797534e-05,-0.017238900893870368,bull_quiet,0.11464717035634721,0.204874187707901
2019-04-10,0.9981354849167012,0.2924475665300484,-0.0002775961504166229,-0.00021903894845690672,9.87111506233877e-05,-0.017454163851602908,bull_quiet,0.13591065038387248,0.3640521764755249
2019-04-11,0.99994161279343,0.5246159780036679,0.00674315615413969,0.0018095017199787386,0.00016251788803153363,-0.015676245471134286,bull_quiet,0.12898868048167889,0.32330477237701416
2019-04-12,0.9992511344107113,1.0201550932276797,-0.0006550340323746307,-0.0006905187001767114,0.00034687738065680826,-0.016355939430664525,bull_quiet,0.09264874436099106,0.0548391155898571
2019-04-15,0.9998779336295803,1.0786798723086959,0.0006550340323745708,0.0006272689590076719,4.096734535671132e-05,-0.015738930044757172,bull_quiet,0.08231001500520742,0.11213843524456024
2019-04-16,0.9972356038934173,1.0786798723086959,-0.002449894897439293,-0.0026426523151395417,0.0,-0.01833998983997604,bull_quiet,0.08161787069704195,0.11123554408550262
2019-04-17,0.9993024577110541,1.008059697102596,0.001967235540263141,0.0020725832587279035,4.9434122644269985e-05,-0.01630541773715579,bull_quiet,0.0858278746400598,0.13480378687381744
2019-04-18,1.0001704346133797,1.008059697102596,0.0008616382323780712,0.0008685827755430546,0.0,-0.015450997566607274,bull_quiet,0.08596822192865333,0.12925301492214203
2019-04-22,1.0091956179383985,1.008059697102596,0.008951499012848906,0.009023645383506654,0.0,-0.006566776505963194,bull_quiet,0.08574538718664272,0.12866806983947754
2019-04-23,1.0069100668345565,1.0438228476735039,-0.002221784437925413,-0.0022647255529219886,2.5034205399635568e-05,-0.008816630112331799,bull_quiet,0.0839408791159178,0.1238059252500534
2019-04-24,1.006212437795865,0.9729450159308837,-0.0006162223571992094,-0.000692841457911592,4.9614482219834135e-05,-0.00950336304338251,bull_quiet,0.08844007532775937,0.13952669501304626
2019-04-25,1.010760804898297,0.9729450159308837,0.004645982083609567,0.00452028511235211,0.0,-0.0050260358415128445,bull_quiet,0.08862170451834303,0.1384742110967636
2019-04-26,1.0122811906080729,1.00142205951015,0.0015665152911773707,0.0015041993144250534,1.9933930505486398e-05,-0.003529396686754744,bull_quiet,0.0866711352919065,0.1320561319589615
2019-04-29,1.0127759627492159,1.0331863212969927,0.0005102788065382311,0.0004887694701171069,2.2234983250789942e-05,-0.0030423522779860586,bull_quiet,0.0846054280161112,0.1258682906627655
2019-04-30,1.0048811272471396,1.0331863212969927,-0.007544857686864009,-0.007795243758200363,0.0,-0.010813880158581273,bull_quiet,0.08450878105990005,0.12675505876541138
2019-05-01,1.0022244111752108,0.4463343969483616,-0.0021612896914326185,-0.0026438112925924215,0.00041079634704404183,-0.013429101592693563,bull_quiet,0.10873300220568069,0.22349953651428223
2019-05-02,1.00618424443742,1.0125313941970278,0.009740191305968461,0.003951044514637041,0.00039633789807406636,-0.009531116056240716,bull_quiet,0.08593063970914556,0.12992529571056366
2019-05-03,1.001646318438151,0.5344295917178203,-0.004123688019534811,-0.004510034841388607,0.0003346712617354452,-0.01399816523213838,bull_quiet,0.09660483325924853,0.17394429445266724
2019-05-06,0.9925183887737782,0.37337751619047305,-0.016840741177932043,-0.00911292688481685,0.0001127364528691431,-0.022983527860673134,bull_quiet,0.12155409375423419,0.27383095026016235
2019-05-07,0.9918496346615069,0.15232536408441577,-0.0013901712259481384,-0.0006737951858982209,0.0001547365064742401,-0.023641836856143943,bull_quiet,0.15484359007499776,0.37102383375167847
2019-05-08,0.9913718583291391,0.1810461795226639,-0.0030303411039887115,-0.00048170238277182463,2.01045708067737e-05,-0.024112150909769033,bull_quiet,0.1384158688987034,0.3317422866821289
2019-05-09,0.992178995413876,0.3139397447779049,0.005010806005722352,0.0008141617879865827,9.302549567866871e-05,-0.023317620313679288,bull_quiet,0.13501911768576186,0.3217941224575043
2019-05-10,0.9841540388565115,0.45395597263033594,-0.02545139089151207,-0.008088214520220694,9.80113594967017e-05,-0.031217236918701853,bull_quiet,0.10728205807539816,0.2207787036895752
2019-05-13,0.9881248856443952,0.3793860138096643,0.0090030333354504,0.0040347817832432535,5.2198971174470146e-05,-0.027308409874301276,bull_quiet,0.1201323890307971,0.2707752287387848
2019-05-14,0.989862389146359,1.032772054287061,0.0058403701425228565,0.0017583845192105495,0.00045737022833417776,-0.025598044040257867,bull_quiet,0.0838109748665302,0.13442367315292358
2019-05-15,0.9992147869881659,1.1364448959537017,0.009218637124873778,0.009448179812016209,7.257098916664842e-05,-0.01639171915116983,bull_quiet,0.07845828471259178,0.10836482793092728
2019-05-16,0.9918267002793837,1.1038970143292006,-0.006486112083815541,-0.007393892489372951,2.2783517137150744e-05,-0.023664413031423057,bull_quiet,0.08034491687361513,0.11307486146688461
2019-05-17,0.9845633118343412,1.1038970143292006,-0.006633991589894881,-0.007323243509169986,0.0,-0.030814356281462358,bull_quiet,0.07975112998245525,0.11144304275512695
2019-05-20,0.9942629367541959,1.0238042755084156,0.008975264330872007,0.00985170258049043,5.6064917174549535e-05,-0.02126622757426609,bull_quiet,0.08456715115899795,0.1341978907585144
2019-05-21,0.9910855118397542,0.9575997914260485,-0.0030761895837895115,-0.0031957591870158124,4.634313885765699e-05,-0.024394025019138347,bull_quiet,0.08893337671542731,0.14837417006492615
2019-05-22,0.979086630343771,0.48011697719785684,-0.012293830495202978,-0.0121068074879933,0.00033423796995973415,-0.03620549874236771,sideways_quiet,0.08871366361122453,0.1481412798166275
2019-05-23,0.9801375845554796,0.4595120375441631,0.002265752281506773,0.0010734026787185937,1.4423457757585628e-05,-0.03517095914298344,sideways_quiet,0.0916598477742255,0.15762393176555634
2019-05-24,0.9759291627914852,0.4595120375441631,-0.009344053622205415,-0.004293705118861528,0.0,-0.03931365053453742,sideways_quiet,0.08932167109474631,0.14983728528022766
2019-05-28,0.9725186334813106,1.0318033580082724,-0.006733326325221417,-0.003494648423477122,0.00040060392432487654,-0.04267091157115288,bull_quiet,0.08393483538783345,0.13395754992961884
2019-05-29,0.9752203697763041,1.083422870467887,0.0027274726482023966,0.002778081778569218,3.613365872173022e-05,-0.0400113730744944,bull_quiet,0.08103677591163887,0.12202903628349304
2019-05-30,0.9608688950571013,1.058507543976134,-0.013566904278608705,-0.014716135105437528,1.7440728544227092e-05,-0.05413869540801361,bull_quiet,0.08240098432721132,0.12777936458587646
2019-05-31,0.958250133456513,1.0152046300645194,-0.002546130046076572,-0.0027254099014544834,3.0312039738130193e-05,-0.05671655517295128,bear_quiet,0.08499462193609977,0.13713066279888153
2019-06-03,0.9785688496143757,0.16244260637288202,0.021474402541057206,0.02120397947096641,0.0005969334165841462,-0.03671519237353605,bear_quiet,0.14843851593113827,0.3569936156272888
2019-06-04,0.9794070896844774,0.9402209328381985,0.00862484793483843,0.0008565979495792019,0.0005444448285257216,-0.035890044582462484,bull_quiet,0.09001656359747531,0.15364542603492737
2019-06-05,0.9853073986480273,1.0399186803887965,0.0064816219771665325,0.006024368238390668,6.978842328541861e-05,-0.030081891188728765,bull_quiet,0.08370982664783182,0.1294858753681183
2019-06-06,0.9955100477843078,1.0399186803887965,0.009957305414700513,0.010354787907083576,0.0,-0.020038594884748462,bull_quiet,0.08357555738065503,0.1291182041168213
2019-06-07,0.9998645198088887,0.4869297072870823,0.004578438629390509,0.004374111576545669,0.00038709228117119994,-0.015752134358065915,bull_quiet,0.10260106368645991,0.20064790546894073
2019-06-10,0.9994307484646981,0.9381436939014036,-0.0002422943746959857,-0.0004338301195780479,0.00031584979063002493,-0.016179130727311794,bull_quiet,0.09016240602288572,0.15414707362651825
2019-06-11,0.997752524819091,0.9690904571039292,-0.0017668048057677373,-0.0016791795211274648,2.1662734241767877e-05,-0.0178311425834524,bull_quiet,0.08801340437037547,0.1470704972743988
2019-06-12,1.001418007613196,0.5165881137562817,0.00411776944390607,0.0036737394323001723,0.00031675164034335326,-0.014222910122784026,sideways_quiet,0.08407513394053512,0.13135570287704468
2019-06-13,1.0008062579217236,0.459796419974422,-0.0011055795772838002,-0.0006108834540838073,3.9754185647301764e-05,-0.014825105036404804,sideways_quiet,0.09141260454252952,0.15937623381614685
2019-06-14,1.0009550659304352,0.49709222660132873,0.0003801577932667984,0.00014868812773061562,2.6107064638834713e-05,-0.014678621225785397,sideways_quiet,0.08661494740847857,0.1388876587152481
2019-06-17,1.0059525315774631,0.23237428186281586,0.010416577802197647,0.004992697291943444,0.000185302561316959,-0.009759209846285383,sideways_quiet,0.10557167470774814,0.21497145295143127
2019-06-18,1.0063139865167121,0.4675268242294237,0.0022546508773736394,0.0003593160988244417,0.0001646067796566255,-0.009403400388670508,sideways_quiet,0.09030081994903655,0.1556388884782791
2019-06-19,1.0107605503836152,0.5061416256741614,0.00950896207356596,0.0044186644789610124,2.7030361011316405e-05,-0.005026286380988292,sideways_quiet,0.08518221260091315,0.13771472871303558
2019-06-20,1.0071508735472725,1.0479122646233574,-0.006306552614024858,-0.0035712482397266113,0.00037923944726443715,-0.008579584504324571,bull_quiet,0.08301228400728099,0.13010409474372864
2019-06-21,1.0054250706407275,0.4341155752517755,-0.0012251902104004116,-0.0017135495305351705,0.0004296576825601073,-0.010278432491860159,bull_quiet,0.1105461171977918,0.23216333985328674
2019-06-24,1.0007380382862519,0.9811772176366688,-0.009856358925298136,-0.004661742074413198,0.0003829431496694253,-0.014892259165066948,bull_quiet,0.08722980250467631,0.14412105083465576
2019-06-25,0.9996837172095311,1.0874825897429605,-0.0009979132649959425,-0.001053543521265847,7.441376047440423e-05,-0.01593011304317242,bull_quiet,0.08076789280187559,0.12166322767734528
2019-06-26,1.0034713092904022,1.0009502469105016,0.0035397008525598983,0.003788790410074482,6.0572639982721246e-05,-0.012201678492627299,bull_quiet,0.0861236020728678,0.13794559240341187
2019-06-27,1.0085941108741776,0.9546642530859568,0.005132603226520216,0.005105080271201866,3.2400195677181355e-05,-0.007158888769573801,bull_quiet,0.08913554705182468,0.14905479550361633
2019-06-28,1.0172006988938325,1.089767841404587,0.009037548842095075,0.008533252303243507,9.457251182304116e-05,0.0,bull_quiet,0.08057838053713128,0.12188272178173065
2019-07-01,1.0200838518523188,1.089767841404587,0.002600920307729814,0.0028343993094200734,0.0,0.0,bull_quiet,0.08063015262773504,0.11698469519615173
2019-07-02,1.0289363288087194,1.089767841404587,0.007963334238251185,0.008678185563202236,0.0,0.0,bull_quiet,0.0798585180875826,0.11398155987262726
2019-07-03,1.027659703775823,1.089767841404587,-0.0011385205318621082,-0.001240723062402172,0.0,-0.0012407230624021535,bull_quiet,0.08076221231460169,0.11780273169279099
2019-07-05,1.0213734830106402,0.9291470419442186,-0.005509972729984998,-0.006117025647776149,0.0001124345596222579,-0.007350159175383865,bull_quiet,0.09077824318294635,0.15653663873672485
2019-07-08,1.0225205075995845,0.9783854933713279,0.001245753973685271,0.001123021703640949,3.446691599897648e-05,-0.006235391860022161,bull_quiet,0.08740304866311517,0.14486125111579895
2019-07-09,1.0272619305672241,0.9403459457708876,0.00476665199014585,0.004636995475787962,2.662768332030818e-05,-0.0016273098680788852,bull_quiet,0.08994145781158416,0.15423914790153503
2019-07-10,1.029384911395902,1.1334496498971574,0.0023414923296165937,0.002066640226320206,0.00013517259288838883,0.0,bull_quiet,0.07864661704798448,0.10858019441366196
2019-07-11,1.034565230190564,1.089688222256672,0.004466959747767127,0.0050324409628630055,3.0632999348339786e-05,0.0,bull_quiet,0.08088739108249357,0.11857962608337402
2019-07-12,1.0349144493002178,1.1251945195161746,0.00033257767027727755,0.00033755156220506035,2.4854408081651824e-05,0.0,bull_quiet,0.07927994967599351,0.10794635117053986
2019-07-15,1.0311526120210177,1.1251945195161746,-0.0032304866243351086,-0.0036349258450721713,0.0,-0.0036349258450722706,bull_quiet,0.07920179142735552,0.10708671808242798
2019-07-16,1.0232038510985544,1.1615884052059346,-0.0068282785807129015,-0.007708617356730671,2.5475719982832067e-05,-0.011315522949343133,bull_quiet,0.0860882301753145,9.100036550080404e-06
2019-07-17,1.027524391462296,1.1299693194487128,0.003654215241084162,0.004222560694140116,2.213336003005528e-05,-0.007140742737642476,bull_quiet,0.08849658211519949,1.5773337509017438e-05
2019-07-18,1.021042114650243,1.1095963928647634,-0.005570394083371622,-0.006308635460057333,1.426104860876458e-05,-0.013404329854854029,bull_quiet,0.09012079860983553,2.2869404347147793e-05
2019-07-19,1.0237056409331087,0.9471960438375888,0.002453428423312244,0.0026086350843401275,0.00011368024431902222,-0.010830661775655214,bull_quiet,0.10556060037921197,0.00013416935689747334
2019-07-22,1.0304849177912967,1.1273770416974205,0.007124626357165882,0.006622291200826654,0.00012612669850188215,-0.004280094371004529,bull_quiet,0.08869974735429896,1.9412284018471837e-05
2019-07-23,1.0359317987848267,1.1273770416974205,0.0046885338992122775,0.0052857454771920095,0.0,0.0,bull_quiet,0.08882272161918259,1.7408103303750977e-05
2019-07-24,1.0303393489827524,1.1273770416974205,-0.004788524830942085,-0.005398472958002128,0.0,-0.005398472958002038,bull_quiet,0.08958722087106409,9.824929293245077e-06
2019-07-25,1.0380716445104905,1.1611778781552398,0.006677687088676026,0.007504610529892165,2.3660585520473497e-05,0.0,bull_quiet,0.08611869471411163,8.768023690208793e-06
2019-07-26,1.035874403687375,1.1611778781552398,-0.001822852707620898,-0.002116656239224768,0.0,-0.0021166562392247765,bull_quiet,0.08718796856170791,7.323247700696811e-06
2019-07-29,1.0329181905963063,1.1611778781552398,-0.0024577057220653642,-0.002853833515477851,0.0,-0.004964449170186464,bull_quiet,0.08599294416682234,8.62579054228263e-06
2019-07-30,1.0196030568826167,0.9940436959421749,-0.011000724758174285,-0.012890792160415776,0.0001169939275491454,-0.01779124564815835,bull_quiet,0.10058988341349798,9.260517254006118e-05
2019-07-31,1.0103824799168273,0.4949863625202532,-0.008746054656595139,-0.009043300629149447,0.0003493401333953452,-0.026673654694344556,bull_quiet,0.1261678291485402,0.0007783229229971766
2019-08-01,1.0061844923749397,1.0860465883678163,-0.007558001636935497,-0.004154849896282116,0.0004137421580932942,-0.03071767955918632,bull_quiet,0.09207475315893054,2.5284569346695207e-05
2019-08-02,0.9724337524935378,0.5412827213508736,-0.030534562051236183,-0.03354329164996231,0.0003813347069118599,-0.06323059912488475,bull_quiet,0.11540858926967523,0.0005011957255192101
2019-08-05,0.979651803186274,0.37705075243256364,0.013925491826036846,0.0074226657335037536,0.00011496237824281699,-0.056277272992814265,bull_volatile,0.158154144138124,0.04588577523827553
2019-08-06,0.9798699434136439,0.37705075243256364,0.0005905602442628199,0.0002226711844560548,0.0,-0.05606713313539359,bull_volatile,0.16645523853981845,0.030190855264663696
2019-08-07,0.9868900016758667,0.6082690173200822,0.019430085399064805,0.00716427553412509,0.000161852785421263,-0.04930453799145899,bull_volatile,0.1027150709755075,0.000345675420248881
2019-08-08,0.982433263968447,1.1204499449213488,-0.006834829537225516,-0.004515941695479323,0.00035852664932088657,-0.05359782326804635,bull_volatile,0.0892490814311725,8.71626161824679e-06
2019-08-09,0.9689254429362539,1.157650493588786,-0.012248036560968258,-0.013749352274198757,2.604038406720601e-05,-0.06661024018900248,bull_volatile,0.08638085920190859,1.155708287114976e-05
2019-08-12,0.9859370437912374,0.7180764938816642,0.01543201892451634,0.017557182525242843,0.0003077017997949852,-0.050222545808808354,bull_volatile,0.1385540796851101,0.0050757224671542645
2019-08-13,0.9645799619786934,0.5613414772015758,-0.030013508527833754,-0.02166170948443035,0.00010971451167606186,-0.07079634909635986,bull_volatile,0.17440895070402962,0.020970219746232033
2019-08-14,0.9656294671105534,0.0,0.002638291974810791,0.0010880436803882491,0.000392939034041103,-0.06978533493620054,bull_volatile,0.2227048699292717,0.5969737768173218
2019-08-15,0.9651154837005246,0.7603972738363164,0.014647209402758953,-0.0005322780916854215,0.0005322780916854215,-0.07028046782297852,bull_volatile,0.13099209566360814,0.003939675632864237
2019-08-16,0.9737235960179617,1.0276006697757587,0.011975711839357873,0.008919256257739415,0.00018704237715760962,-0.061988061067666085,bull_volatile,0.09730932462124373,4.8728437832323834e-05
2019-08-19,0.9660269401715803,1.0276006697757587,-0.0076920481599652675,-0.007904353841127702,0.0,-0.06940243934018961,bull_volatile,0.09580799266793935,3.5722296161111444e-05
2019-08-20,0.9740003756905432,1.130941320486709,0.008102546592543804,0.00825384384988964,7.233845549766515e-05,-0.06172143238741534,bull_volatile,0.08842091045136462,1.138775496656308e-05
2019-08-21,0.9736381991697647,1.164720547341979,-0.0003078841215291663,-0.0003718443337577748,2.3645458798689088e-05,-0.06207032595626849,bull_volatile,0.0858563023982441,1.400477958668489e-05
2019-08-22,0.9440580071642137,1.0626816464366018,-0.026023122154553956,-0.03038109231003303,7.142723063376409e-05,-0.0905656539637103,bull_quiet,0.0940998074125446,1.861729469965212e-05
2019-08-23,0.955091296907687,1.0626816464366018,0.01099773278241975,0.011687088780291609,0.0,-0.07993701402173779,bull_volatile,0.09277232732711631,4.882658686256036e-05
2019-08-26,0.9510799884778948,1.0310351505860813,-0.003931345687920276,-0.004199921455445918,2.215254709536434e-05,-0.08380120629690951,bull_volatile,0.09698619421817026,3.824639497906901e-05
2019-08-27,0.9578990991899755,1.123634499019048,0.007016909077711493,0.007169860363684033,6.481954390307676e-05,-0.07723218888068259,bull_volatile,0.08899563038308288,1.4394396202987991e-05
2019-08-28,0.9714694073779873,0.9886660518318678,0.01269204412996975,0.014166740734475183,9.447791303102619e-05,-0.06415957654243601,bull_volatile,0.1011407533803501,5.5706761486362666e-05
2019-08-29,0.9709581449417777,1.112922446519306,-0.00044433402609787723,-0.0005262774435579531,8.697947628120666e-05,-0.06465208824807138,bull_quiet,0.08985231760492671,1.3388656952884048e-05
2019-08-30,0.964621078336001,1.112922446519306,-0.005864390220290473,-0.006526611511309565,0.0,-0.0707567406959908,bull_quiet,0.0901225605178241,1.761370185704436e-05
2019-09-04,0.9783118156962081,1.0800582728031884,0.012773460188535899,0.014192865641941046,2.3004921601282246e-05,-0.057568115968009675,bull_quiet,0.09258596609531643,1.7613732779864222e-05
2019-09-05,0.9791112418146076,1.10372190886963,0.0007719149547857201,0.000817148587570307,1.6564545246509055e-05,-0.05679800908509165,bull_quiet,0.09060126616686744,1.3975602996652015e-05
2019-09-06,0.9792579590256953,0.5243292803705315,0.0005032265567412442,0.00014984733585096834,0.0004055748399493689,-0.05665667277958366,sideways_quiet,0.09535723359472835,2.8206623028381728e-05
2019-09-09,0.9791374032486982,0.5243292803705315,-0.00023479389778833577,-0.00012310931546275023,0.0,-0.056772807130844115,sideways_quiet,0.09694379533683298,3.639645001385361e-05
2019-09-10,0.9827751909670618,0.5243292803705315,0.007085811591525635,0.0037152984926258066,0.0,-0.05326843656297357,sideways_quiet,0.09739169751151609,4.542042370303534e-05
2019-09-11,0.9845203518508683,0.4710574326415967,0.0034578234743840117,0.0017757478005618454,3.729029341025435e-05,-0.0515872800714778,sideways_quiet,0.10613325142787172,0.00010286128963343799
2019-09-12,0.9841891561770376,0.5047523605712662,-0.0006640732187665699,-0.00033640307506899045,2.3586449550768607e-05,-0.05190632902689633,sideways_quiet,0.0990542787132951,4.237989560351707e-05
2019-09-13,0.9826174651024174,0.45407827428778497,-0.0030935331973263717,-0.0015969400442544994,3.547186039843683e-05,-0.05342037777577756,sideways_quiet,0.11009665782092834,0.00014999223640188575
2019-09-16,0.9837146928227672,0.4992816616743171,0.0025288152959086615,0.0011166377143881868,3.164237117057249e-05,-0.05236339126993073,sideways_quiet,0.100138899292874,4.967925633536652e-05
2019-09-17,0.9839683373560314,0.4411272512450596,0.0005979624441213626,0.00025784359541926967,4.070808730048026e-05,-0.05211904923958487,sideways_quiet,0.11332167568986495,0.0002144139289157465
2019-09-18,0.9839394769398441,0.4411272512450596,-6.649019064353332e-05,-2.933063503334183e-05,0.0,-0.05214685118980666,sideways_quiet,0.11047295012078419,0.0001580304087838158
2019-09-19,0.9798696961804654,0.4620048407839784,-0.009343326984650329,-0.0041362104628998335,1.461431267724318e-05,-0.05606737130120786,sideways_quiet,0.1082061080247943,0.00016508580301888287
2019-09-20,0.9797240145466483,0.5194729429061984,-0.00023473092821791204,-0.0001486744966039459,4.022767148555398e-05,-0.05620771000960772,sideways_quiet,0.09624679200127242,4.7914276365190744e-05
2019-09-23,0.9756951170493264,0.5480403077872947,-0.007877755495086642,-0.0041122779859449005,1.9997155416767443e-05,-0.060088846267039815,sideways_quiet,0.09123210687655774,2.2561345758731477e-05
2019-09-24,0.9786141418503385,0.2048411413379004,0.005897336435891073,0.0029917386589363953,0.000240239416514576,-0.057276877732451326,sideways_quiet,0.15228011407970127,0.001816564123146236
2019-09-25,0.9781961117179787,0.2048411413379004,-0.002085349793006957,-0.0004271654316882995,0.0,-0.057679576461937256,sideways_quiet,0.16158393450145248,0.0034954941365867853
2019-09-26,0.976912599949382,0.4985731576878361,-0.005401789367287827,-0.0013121211107071282,0.00020561241144495502,-0.058916014982712,sideways_quiet,0.10027845016341,7.712907972745597e-05
2019-09-27,0.9789718649804795,0.21430597329076742,0.004627041562282594,0.002107931693382143,0.00019898702907794805,-0.0569322742245598,sideways_quiet,0.14561167727962612,0.0014255288988351822
2019-09-30,0.9764212478835872,0.15571958286776752,-0.011966037944808815,-0.0026054038814926073,4.101047329609993e-05,-0.059389346537805636,sideways_quiet,0.19900099391080656,0.008372743614017963
2019-10-01,0.9735092264922959,0.4514597953623935,-0.01782256975732099,-0.0029823412769879516,0.0002070181487462382,-0.06219456851520056,sideways_quiet,0.1107320849958077,0.00017831135482992977
2019-10-02,0.9770749391460933,0.48132534451034426,0.008159414042596264,0.0036627415095439836,2.0905884403565526e-05,-0.05875962963342531,sideways_quiet,0.10386792925389891,0.00011466336582088843
2019-10-03,0.9833293439045604,0.38344656968616764,0.013441358871681356,0.006401151547222277,6.851514237692364e-05,-0.05273460738034531,bull_quiet,0.16262555426335426,0.0022686251904815435
2019-10-04,0.9814332747517898,0.7694373692831481,-0.004323992734015643,-0.0019282137409240981,0.0002701935597178863,-0.05456113752669637,bull_quiet,0.1299338230806462,0.00024060987925622612
2019-10-07,0.9695493268994936,0.8691022702290638,-0.01564650102944047,-0.012108768021240885,6.976543066214102e-05,-0.06600923739065145,bull_quiet,0.11504639377849729,0.00012917985441163182
2019-10-08,0.977113416941903,0.27949245242010096,0.009451571885068203,0.007801655710079693,0.00041272687246627396,-0.05872256302437848,bull_quiet,0.2075212655556409,0.07198996096849442
2019-10-09,0.9787808539247193,0.5330456455069704,0.00674071872143132,0.0017064927713661183,0.00017748723516080862,-0.05711627988232952,bull_quiet,0.18510788425201824,0.013290483504533768
2019-10-10,0.9838686334602479,0.9609586508843716,0.010313595972103153,0.005198078318683634,0.0002995391037641808,-0.05221509645974618,bull_quiet,0.10405965586874433,2.9734848794760182e-05
2019-10-11,0.9828150287263102,0.9609586508843716,-0.0011143866413178003,-0.0010708794834043195,0.0,-0.053230059867627834,bull_quiet,0.10564628050352068,2.9957163860672154e-05
2019-10-14,0.9920803383839071,0.9042857311302889,0.009851608993839914,0.009427317843932888,3.967104382785791e-05,-0.044304558716918734,bull_quiet,0.11057877741298251,5.189419607631862e-05
2019-10-15,0.9902832968642651,0.39298946790274675,-0.0016073235020462092,-0.001811387092470032,0.00035790738425927953,-0.046035693103591444,bull_quiet,0.10733788386947056,0.32507747411727905
2019-10-16,0.9912931018288871,0.19650684195230664,0.0029447380856263902,0.0010197132152179602,0.00013753783816530807,-0.045062923093003034,sideways_quiet,0.10733138386446522,0.32507675886154175
2019-10-17,0.9904385768146675,0.19650684195230664,-0.004386771567574111,-0.0008620306271101584,0.0,-0.04588610810025995,sideways_quiet,0.107486313841618,0.325082004070282
2019-10-18,0.9917535404770383,0.19650684195230664,0.006756293820613877,0.0013276579619907172,0.0,-0.04461937119503323,sideways_quiet,0.10757194122269928,0.325080543756485
2019-10-21,0.9911158610341957,0.19650684195230664,-0.0032720579067960155,-0.0006429817659495599,0.0,-0.04523366351889625,sideways_quiet,0.1075703767579637,0.32507890462875366
2019-10-22,0.9916817121110282,0.19650684195230664,0.002905360610081085,0.000570923238219661,0.0,-0.04468856523032935,sideways_quiet,0.10746007526885887,0.3250739276409149
2019-10-23,0.9919998646024227,0.19650684195230664,0.001632620885338126,0.00032082117428317404,0.0,-0.04438208109402046,sideways_quiet,0.10751545538811977,0.3250753879547119
2019-10-24,0.9927964897843219,0.19650684195230664,0.004086624568167749,0.0008030496881353532,0.0,-0.04361467242226658,sideways_quiet,0.10744262913937223,0.32507234811782837
2019-10-25,0.9938930429970969,0.19650684195230664,0.005620718076230189,0.0011045095586642388,0.0,-0.04255833568619081,sideways_quiet,0.10744726579315039,0.3250727355480194
2019-10-28,0.993835082218293,0.19650684195230664,-0.0002967678740017448,-5.831691771298292e-05,0.0,-0.042614170732943546,sideways_quiet,0.10749400213683527,0.3250718414783478
2019-10-29,0.9944331867233788,0.19650684195230664,0.003062563302630958,0.0006018146428790359,0.0,-0.04203800192200581,sideways_quiet,0.1074963087326349,0.3250722289085388
2019-10-30,0.9939120414841368,0.19650684195230664,-0.0026668923721071673,-0.0005240625978694752,0.0,-0.04254003397537887,sideways_quiet,0.10736245437315999,0.3250688314437866
2019-10-31,0.995713055226213,0.19650684195230664,0.009221284008705375,0.0018120453992959997,0.0,-0.04080507304893388,sideways_quiet,0.10738959083807911,0.32506781816482544
2019-11-01,0.9964976023189775,0.19650684195230664,0.0040096562307791505,0.0007879248832248001,0.0,-0.04004929949812613,sideways_quiet,0.10733135827467224,0.325067937374115
2019-11-04,0.9962808783174297,0.19650684195230664,-0.001106759036372921,-0.0002174857230398208,0.0,-0.04025807507030739,sideways_quiet,0.10765273442125708,0.3250744044780731
2019-11-05,0.9963255130185302,0.19650684195230664,0.00022798861467572957,4.480132267100893e-05,0.0,-0.04021507736264767,sideways_quiet,0.10762335039048837,0.3250739574432373
2019-11-06,0.9970128266030995,0.19650684195230664,0.003510556766204136,0.0006898484236210769,0.0,-0.03955297124675101,sideways_quiet,0.1076244024312877,0.3250744342803955
2019-11-07,0.9974953942386094,0.19650684195230664,0.002463087100965253,0.00048401346766414416,0.0,-0.03908810194985631,sideways_quiet,0.10762855937601662,0.32507315278053284
2019-11-08,0.9969835833662276,0.39287741351617217,-0.001911569957013029,-0.0005130959755182428,0.00013745940009470586,-0.03958114197757346,bull_quiet,0.10736962182946673,0.32507041096687317
2019-11-11,0.99780839171277,0.39287741351617217,0.002105755666127964,0.0008273038396053786,0.0,-0.03878658376870209,bull_quiet,0.10743020594294933,0.32507264614105225
2019-11-12,0.9979352450719197,0.39287741351617217,0.00032359198641246465,0.00012713198265628943,0.0,-0.03866438280134067,bull_quiet,0.10751814695843098,0.3250741958618164
2019-11-13,0.9985055922859478,0.39287741351617217,0.0014547216463183545,0.0005715272777915429,0.0,-0.0381149532729991,bull_quiet,0.10295163909387169,0.32502996921539307
2019-11-14,1.001334131290806,0.39287741351617217,0.007210321143979856,0.0028327723216677735,0.0,-0.03539015193600473,bull_quiet,0.10295556646214124,0.32503196597099304
2019-11-15,1.0016242025639477,0.39287741351617217,0.0007373414343136282,0.00028968479559144284,0.0,-0.0351107191293428,bull_quiet,0.10286027190801425,0.3250267505645752
2019-11-18,1.0015106839886463,0.39287741351617217,-0.00028847292621450566,-0.00011333449712059656,0.0,-0.03522007437076732,bull_quiet,0.10294621466282547,0.32502758502960205
2019-11-19,1.0000447188118202,0.39287741351617217,-0.0037257267963938866,-0.0014637539072351244,0.0,-0.03663227475652909,bull_quiet,0.10284053214347248,0.3250257968902588
2019-11-20,0.9994120782712463,0.39287741351617217,-0.001610202646275832,-0.0006326122509057447,0.0,-0.03724171298164524,bull_quiet,0.10284756936408283,0.32502567768096924
2019-11-21,1.0002843063248121,0.39287741351617217,0.0022214083249144432,0.000872741157055679,0.0,-0.03640147420026797,bull_quiet,0.1028615471535128,0.3250267207622528
2019-11-22,1.0033183105257681,0.39287741351617217,0.007720326379659303,0.0030331418595412204,0.0,-0.03347874317587253,bull_quiet,0.10284933487477362,0.3250267505645752
2019-11-25,1.004210382698328,0.39287741351617217,0.002263102331097842,0.0008891217903641401,0.0,-0.032619388065580034,bull_quiet,0.10284291052304843,0.3250238001346588
2019-11-26,1.0059651153804667,0.39287741351617217,0.004447635578399138,0.0017473755623039575,0.0,-0.030929010824839367,bull_quiet,0.10295932214818043,0.32502686977386475
2019-11-27,1.0044966437610443,0.39287741351617217,-0.003715571088483604,-0.001459763958978907,0.0,-0.03234362572852927,bull_quiet,0.10290965016542991,0.32502421736717224
2019-11-29,1.0011299236679823,0.39287741351617217,-0.008531029798460417,-0.00335164892184852,0.0,-0.035586870172075985,bull_quiet,0.10303326095198172,0.32502758502960205
2019-12-02,0.9984832125112837,0.39287741351617217,-0.00672913193653607,-0.002643723950435362,0.0,-0.038136512261516396,bull_quiet,0.10308274682993628,0.32502618432044983
2019-12-03,1.000896254146518,0.39287741351617217,0.006151301101662149,0.0024167072665802055,0.0,-0.03581196978124062,bull_quiet,0.10314344491628366,0.32502999901771545
2019-12-04,1.001602636528427,0.39287741351617217,0.0017963614766311558,0.0007057498506789402,0.0,-0.035131494222887416,bull_quiet,0.10326878916781862,0.32502901554107666
2019-12-05,1.0051806334927036,0.39287741351617217,0.009092586613345464,0.0035722719108229376,0.0,-0.0316847215620622,bull_quiet,0.10316004538869283,0.3250245451927185
2019-12-06,1.0039370228167768,0.39287741351617217,-0.003149076906539473,-0.0012372011900047368,0.0,-0.03288272237684532,bull_quiet,0.10324094634700116,0.32502543926239014
2019-12-09,1.0034969568816172,0.39287741351617217,-0.00111571743447098,-0.00043834017986985795,0.0,-0.033306648738273936,bull_quiet,0.10343721224910078,0.32503843307495117
2019-12-10,1.0046145288233868,0.39287741351617217,0.0028346690886243957,0.0011136774597129977,0.0,-0.032230064142519436,bull_quiet,0.10353699085509985,0.3250442147254944
2019-12-11,1.0080017951698848,0.39287741351617217,0.00858208537583208,0.0033717075050318742,0.0,-0.028967026986644436,bull_quiet,0.10343013468288881,0.3250386118888855
2019-12-12,1.0082389926918025,0.39287741351617217,0.0005989516697319707,0.00023531458282548926,0.0,-0.028738528767689998,bull_quiet,0.10335798102043373,0.32503432035446167
2019-12-13,1.010950998270351,0.39287741351617217,0.006846522302296509,0.0026898439737070407,0.0,-0.026125986952401876,bull_quiet,0.10306910758501825,0.32502734661102295
2019-12-16,1.0110380168935436,0.39287741351617217,0.00021909125352912617,8.607600501053902e-05,0.0,-0.026042159767975193,bull_quiet,0.10305679695159133,0.325027734041214
2019-12-17,1.0110628617400752,0.39287741351617217,6.254776132376092e-05,2.457360269010606e-05,0.0,-0.026018226114972502,bull_quiet,0.10307805275998869,0.325023889541626
2019-12-18,1.0126877517212047,0.39287741351617217,0.004090616263375843,0.0016071107372422901,0.0,-0.02445292954828345,bull_quiet,0.10310658912355442,0.325026273727417
2019-12-19,1.0124769455985267,0.39287741351617217,-0.0005298471481675991,-0.0002081649771310064,0.0,-0.02465600428189434,bull_quiet,0.10305669866901782,0.3250236511230469
2019-12-20,1.013084182978886,0.39287741351617217,0.0015265684873094025,0.0005997542788494136,0.0,-0.024071037547112255,bull_quiet,0.10292196775996706,0.32502418756484985
2019-12-23,1.0130965857051772,0.39287741351617217,3.116122791065835e-05,1.2242542623527407e-05,0.0,-0.024059089695191903,bull_quiet,0.10300545707470071,0.32502493262290955
2019-12-24,1.0152097456278923,0.39287741351617217,0.005309143350541635,0.002085842507547382,0.0,-0.02202343065962353,bull_quiet,0.10302093003799055,0.3250260651111603
2019-12-26,1.0151109068065087,0.39287741351617217,-0.0002478076548954347,-9.73580305048266e-05,0.0,-0.022118644532294354,bull_quiet,0.10303751079218246,0.3250257968902588
2019-12-27,1.0129060723972376,0.39287741351617217,-0.0055284759156675346,-0.0021720133184339125,0.0,-0.024242615860218267,bull_quiet,0.10303183618929951,0.3250246047973633
2019-12-30,1.0138716338990543,0.39287741351617217,0.0024263514356685496,0.0009532586763267108,0.0,-0.02331246666779714,bull_quiet,0.10307483339056726,0.32502567768096924
2019-12-31,1.0175794490663117,0.39287741351617217,0.009308464399828981,0.003657085417212178,0.0,-0.01974063693247495,bull_quiet,0.10316747342808337,0.3250260353088379
2020-01-02,1.014540671670161,0.39287741351617217,-0.0076010483986278365,-0.002986280234864147,0.0,-0.022667966093444004,bull_quiet,0.10320865709501711,0.3250223398208618
2020-01-03,1.0160584204480207,0.39287741351617217,0.00380779332143604,0.0014959959913299458,0.0,-0.021205881288521498,bull_quiet,0.10333334149483708,0.3250259757041931
2020-01-06,1.0149344161925888,0.39287741351617217,-0.002815737819690788,-0.0011062397917397826,0.0,-0.022288662290561045,bull_quiet,0.10324345706262247,0.32503145933151245
2020-01-07,1.0170538980902315,0.39287741351617217,0.005315384309479369,0.0020882944393526993,0.0,-0.020246913140730335,bull_quiet,0.10323828800877517,0.3250300884246826
2020-01-08,1.019754148532265,0.39287741351617217,0.006757763910630538,0.0026549728063614587,0.0,-0.01764569533817028,bull_quiet,0.10325290971612441,0.3250322937965393
2020-01-09,1.01859956726677,0.39287741351617217,-0.0028818539244586834,-0.0011322153159727577,0.0,-0.018757931927620132,bull_quiet,0.10314361705562237,0.32502660155296326
2020-01-10,1.0213423561132424,0.39287741351617217,0.006853806284860935,0.002692705685937049,0.0,-0.01611573583164087,bull_quiet,0.10311932365861498,0.3250247836112976
2020-01-13,1.0207301156401227,0.39287741351617217,-0.001525786018845352,-0.0005994468646630995,0.0,-0.016705522168987946,bull_quiet,0.10310631871611778,0.3250248432159424
2020-01-14,1.0216353451589713,0.39287741351617217,0.0022573074615838975,0.0008868451170178378,0.0,-0.015833492262732878,bull_quiet,0.10311750434302988,0.3250250816345215
2020-01-15,1.0244300087203242,1.1344596246740424,0.008283978494246641,0.0027354804966327056,0.0005191075478105092,-0.01314132397537851,bull_quiet,0.08813912546940451,9.720800881041214e-05
2020-01-16,1.0280268311587717,1.1137320525203767,0.0031076970399105484,0.003511047516989987,1.4509300507566003e-05,-0.00967641627130226,bull_quiet,0.08977756290466447,0.00011850595910800621
2020-01-17,1.0257381956648335,1.1754365133141158,-0.001960119478876216,-0.002226241012949597,4.31931225556174e-05,-0.011881115249490252,bull_quiet,0.08506882163215945,7.000908954069018e-05
2020-01-21,1.0258837887738315,1.1754365133141158,0.00012075499797367417,0.0001419398337834287,0.0,-0.011740861819230503,bull_quiet,0.0862688755360877,7.461762288585305e-05
2020-01-22,1.027164201769996,1.0337270024777216,0.001146215804953398,0.0012481072516944789,9.919665758547592e-05,-0.01050740842231363,bull_quiet,0.09671775790526466,0.00020242034224793315
2020-01-23,1.0176449242018406,1.0814346723553203,-0.008932858535968823,-0.0092675324468589,3.339536891431907e-05,-0.019677563120686383,bull_quiet,0.09245659130246636,0.00014236477727536112
2020-01-24,0.999755070928837,0.9321978569841972,-0.016159270785999106,-0.01757966147871763,0.00010446577075978616,-0.03691129970101626,bull_quiet,0.10720241207289063,0.0006614120211452246
2020-01-27,1.0094411364910147,0.8901959539324281,0.01042465373821599,0.009688438542431009,2.940133213623837e-05,-0.02758047401725982,bull_quiet,0.11200506987573576,0.002935399767011404
2020-01-28,1.0086985627793976,0.8901959539324281,-0.0008263669800950709,-0.0007356285421439915,0.0,-0.028295813575510913,bull_quiet,0.11175987466015952,0.0009245264809578657
2020-01-29,1.0116079755879055,0.8901959539324281,0.0032400993602699547,0.0028843233408513626,0.0,-0.025493104510203746,bull_quiet,0.11123069687826709,0.0009953706758096814
2020-01-30,0.9950784673049535,0.9290382135749753,-0.018324781429623002,-0.016339835867096277,2.718958174978302e-05,-0.04141638723386061,bull_quiet,0.10757609614113732,0.0005769581766799092
2020-01-31,1.001854803100949,0.834696693243576,0.007401083897971815,0.00680985069885827,6.603906423197951e-05,-0.03488857594855092,bull_volatile,0.11576496950508393,0.033713627606630325
2020-02-03,1.0144464056840907,0.9169503344685302,0.015126295011474384,0.012568290878246999,5.757754885746799e-05,-0.022758774841153098,bull_volatile,0.10891355684084254,0.0013167762663215399
2020-02-04,1.025126778112228,0.9169503344685302,0.011481839611606393,0.010528276672176502,0.0,-0.012470108847223903,bull_volatile,0.10672949132675602,0.0006379042752087116
2020-02-05,1.0280153714622933,0.5420440998334567,0.003359206688677661,0.0028177913324873537,0.0002624343642445515,-0.009687455679361447,bull_volatile,0.11467803461354552,0.0054311673156917095
2020-02-06,1.0247382308693957,0.9580404543508146,-0.005343909914229443,-0.003187832287211734,0.00029119744816215055,-0.012844405982577635,bull_volatile,0.10430188208825361,0.0007457749452441931
2020-02-07,1.0320131150870127,0.920531273592844,0.007437595617929694,0.007099261058548413,2.6256426530579425e-05,-0.005836330715241512,bull_quiet,0.10841289852895598,0.0020253644324839115
2020-02-10,1.0333813256569633,0.5374210671498505,0.0017315497884897969,0.0013257685875778368,0.0002681771445100955,-0.004518299751592744,bull_quiet,0.11567510950692167,0.00534014729782939
2020-02-11,1.0366546975367785,0.9427678482370412,0.006422105641496987,0.0031676321204413523,0.00028374274676103346,-0.0013649799425743347,bull_quiet,0.10601878666432187,0.0004889662377536297
2020-02-12,1.035611368051339,0.9427678482370412,-0.0010675361685061084,-0.0010064387764977191,0.0,-0.0023700449503286816,bull_quiet,0.10422407582790766,0.0006038527935743332
2020-02-13,1.037174326125232,0.9427678482370412,0.0016008319963013102,0.0015092129365419933,0.0,-0.000864408916285989,bull_quiet,0.10520008738835034,0.0005420266534201801
2020-02-14,1.0346512457798742,0.9427678482370412,-0.0025803258874645633,-0.0024326482846753,0.0,-0.0032949543980937772,bull_quiet,0.10506303025510016,0.000621384009718895
2020-02-18,1.0393039203675745,0.9427678482370412,0.004769841309919101,0.004496853028184581,0.0,0.0,bull_quiet,0.10596907876002508,0.0006286932621151209
2020-02-19,1.0352702773905216,0.9427678482370412,-0.0041167086031452735,-0.003881100511606185,0.0,-0.0038811005116061656,bull_quiet,0.10658530831930092,0.0007417237502522767
2020-02-20,1.0251668539382248,0.9427678482370412,-0.010351661133344124,-0.009759213292361851,0.0,-0.013602437316266192,bull_quiet,0.1059916175340841,0.0007251453935168684
2020-02-21,0.9925690858295357,0.9427678482370412,-0.03372784139233276,-0.03179752445512977,0.0,-0.04496743793818255,bull_quiet,0.10728850393406866,0.0012028021737933159
2020-02-24,0.9633706605914808,0.3608446218481042,-0.030770750603140915,-0.029417020593234054,0.0004073462584722559,-0.0730616504835641,bull_volatile,0.13439240025208518,0.22408360242843628
2020-02-25,0.9618493142282882,0.004444612935313007,-0.0036849962639194165,-0.0015791910896046325,0.0002494800062389538,-0.07452546326573325,bull_volatile,0.1895391611504037,0.9775352478027344
2020-02-26,0.9616528695033164,0.004444612935313007,-0.04595146753683802,-0.000204236487010846,0.0,-0.07471447893393389,bull_volatile,0.1873851026356772,0.9717857837677002
2020-02-27,0.9616348735580992,0.004444612935313007,-0.004210390573741874,-1.8713556406773088e-05,0.0,-0.07473179431672478,bear_volatile,0.19871510289638833,0.9871424436569214
2020-02-28,0.9618160738269809,0.004444612935313007,0.04239500466012263,0.00018842938610503626,0.0,-0.07455744659674543,bear_volatile,0.20096514249653638,0.9847362041473389
2020-03-02,0.961691886427692,0.004444612935313007,-0.02905036247634815,-0.0001291176168379086,0.0,-0.07467693753376119,bull_volatile,0.15043604059571522,0.49947696924209595
2020-03-03,0.9618678768888671,0.004444612935313007,0.04117363701185871,0.0001830008796567896,0.0,-0.0745076025993631,bear_volatile,0.15545437476994234,0.6881328225135803
2020-03-04,0.9617233486229253,0.004444612935313007,-0.03380675024137826,-0.00015025791942372595,0.0,-0.07464666516143897,bull_volatile,0.22429733968336604,0.9879477024078369
2020-03-05,0.9616520960036717,0.004444612935313007,-0.016669275633020057,-7.408847810081886e-05,0.0,-0.07471522318172273,bear_volatile,0.23116325361918086,0.9878337383270264
2020-03-06,0.9613045523476829,0.004444612935313007,-0.08131252304186744,-0.000361402691714821,0.0,-0.07504962359066757,bear_volatile,0.23512616422640045,0.9875986576080322
2020-03-09,0.9615201088713686,0.004444612935313007,0.050450587293811376,0.0002242333328802121,0.0,-0.07484221888501656,bear_volatile,0.2442410105933134,0.9871636033058167
2020-03-10,0.9613065290458992,0.004444612935313007,-0.04997673845028892,-0.00022212725818090905,0.0,-0.0750477216463204,bear_volatile,0.23230393443819786,0.9879533052444458
2020-03-11,0.9608768349687071,0.004444612935313007,-0.10056886056624313,-0.0004469896585624144,0.0,-0.07546116574940825,bear_volatile,0.2429851088932511,0.9872732162475586
2020-03-12,0.961227154442795,0.004444612935313007,0.08202809219873311,0.00036458311964553716,0.0,-0.07512409449698382,bear_volatile,0.23951319289677878,0.9876533150672913
2020-03-13,0.9607320544000112,0.004444612935313007,-0.11588653747701536,-0.000515070803498978,0.0,-0.07560047107276807,bear_volatile,0.2379622555704175,0.9877275824546814
2020-03-16,0.9609565963305465,0.004444612935313007,0.05258492094923695,0.0002337196198533905,0.0,-0.07538442076627455,bear_volatile,0.2444045796581901,0.9870257377624512
2020-03-17,0.9607346720710864,0.004444612935313007,-0.05195975100253782,-0.00023094098142152262,0.0,-0.07559795239558045,bear_volatile,0.2428216214173916,0.9873549342155457
2020-03-18,0.9607437362953449,0.004444612935313007,0.0021227225413289978,9.434680065271363e-06,0.0,-0.07558923095800972,bear_volatile,0.24463071583907103,0.9870404601097107
2020-03-19,0.9605305995021842,0.004444612935313007,-0.04991337303957533,-0.00022184562345680005,0.0,-0.07579430744139808,bear_volatile,0.21182656655424106,0.9882650375366211
2020-03-20,0.9604200243407541,0.004444612935313007,-0.025900755458341244,-0.00011511883274452247,0.0,-0.07590070092194126,bear_volatile,0.21954094455235879,0.9887976050376892
2020-03-23,0.9607902525255898,0.004444612935313007,0.08673099436253733,0.00038548569943629293,0.0,-0.07554447385728752,bear_volatile,0.22154708377175278,0.9887935519218445
2020-03-24,0.9608537065169395,0.004444612935313007,0.014859233619037203,6.604354195201066e-05,0.0,-0.07548341953996404,bear_volatile,0.21215747043323402,0.9883308410644531
2020-03-25,0.9610960588045095,0.004444612935313007,0.05674869876971943,0.0002522260006140763,0.0,-0.0752502324203731,bear_volatile,0.19938439056206814,0.9863265156745911
2020-03-26,0.9609668900300593,0.004444612935313007,-0.030238259991311155,-0.00013439736149873933,0.0,-0.07537451634918245,bear_volatile,0.19960736833990753,0.9859554767608643
2020-03-27,0.9611033931855515,0.004444612935313007,0.03195952534580669,0.00014204771975843633,0.0,-0.07524317540759926,bear_volatile,0.19998177727228048,0.9865202903747559
2020-03-30,0.9610392420717216,0.004444612935313007,-0.015017586594124019,-6.674735963342683e-05,0.0,-0.07530490048394377,bear_volatile,0.20154559267230604,0.9867545366287231
2020-03-31,0.9608425460110335,0.004444612935313007,-0.04604904148877963,-0.00020467016545979528,0.0,-0.07549415798296158,bear_volatile,0.20145186460383877,0.9866536259651184
2020-04-01,0.9609399713772493,0.004444612935313007,0.022813182552417124,0.00010139576626813015,0.0,-0.0754004170046909,bear_volatile,0.20707566070108335,0.9872410297393799
2020-04-02,0.960877786926393,0.004444612935313007,-0.01455967225366192,-6.471210763254365e-05,0.0,-0.07546024979242277,bear_volatile,0.2073686359205219,0.9869183301925659
2020-04-03,0.9611554131400399,0.004444612935313007,0.06500673748543066,0.00028892978631024207,0.0,-0.07519312271995997,bear_volatile,0.2205373951792037,0.9887029528617859
2020-04-06,0.9611597661043564,0.004444612935313007,0.0010189609599744974,4.528887063281611e-06,0.0,-0.07518893437405735,bear_volatile,0.1911801920723401,0.9808807373046875
2020-04-07,0.9613008154308831,0.004444612935313007,0.033017294838593204,0.00014674909572865474,0.0,-0.07505321918645677,bear_volatile,0.19222121250523067,0.9820279479026794
2020-04-08,0.9613653435424886,0.004444612935313007,0.015102738376915347,6.712582634868613e-05,0.0,-0.07499113136946606,bear_volatile,0.1954112519829544,0.9847991466522217
2020-04-09,0.9613261521574265,0.004444612935313007,-0.009172087816788214,-4.076638015432374e-05,0.0,-0.07502884063265086,bear_volatile,0.19420723245774896,0.983549952507019
2020-04-13,0.9614503444923029,0.004444612935313007,0.029066322582236008,0.00012918855333098674,0.0,-0.07490934494669929,bear_volatile,0.19111183293201614,0.9808099269866943
2020-04-14,0.96135856698189,0.004444612935313007,-0.021477091502921486,-9.545735870678592e-05,0.0,-0.07499765165719495,bear_volatile,0.1926794990875444,0.9823871850967407
2020-04-15,0.9613791309895344,0.004444612935313007,0.004812695780353366,2.1390569919084897e-05,0.0,-0.07497786532978735,bear_volatile,0.19422862544287456,0.9836374521255493
