weight,w_pre_clip,w_vol_target,sigma_hat_ann,regime_name,regime_idx,regime_size,p_crisis,adx_override,confidence_scaling,date,regime_label,above_200ma,adx_14,atr_ratio,is_sideways,is_volatile,is_quiet,vix
0.10152208745438998,0.10152208745438998,0.24878874755547448,0.4019474392735635,bull_volatile,1,0.625,0.3470953106880188,False,False,2018-04-12,1,True,24.06,1.3022,False,True,False,
0.10153863073738716,0.10153863073738716,0.2488332977543906,0.401875476081599,bull_volatile,1,0.625,0.34710583090782166,False,False,2018-04-13,1,True,23.85,1.2683,False,True,False,
0.10156372249332735,0.10156372249332735,0.2488846204527123,0.40179260501554315,bull_quiet,1,0.625,0.34707915782928467,False,False,2018-04-16,0,True,23.45,1.228,False,False,False,
0.1015746783780503,0.1015746783780503,0.24891096823784808,0.4017500743657247,bull_quiet,1,0.625,0.3470778465270996,False,False,2018-04-17,0,True,22.26,1.2019,False,False,False,
0.10158063042944743,0.10158063042944743,0.24892657646202707,0.40172488378417354,bull_quiet,1,0.625,0.3470805287361145,False,False,2018-04-18,0,True,21.04,1.1343,False,False,False,
0.10159587930260502,0.10159587930260502,0.24896100110012265,0.40166933599284416,bull_quiet,1,0.625,0.3470728099346161,False,False,2018-04-19,0,True,20.45,1.1,False,False,False,
0.10159241644509118,0.10159241644509118,0.24895654937031428,0.401676518464487,bull_quiet,1,0.625,0.3470833897590637,False,False,2018-04-20,0,True,20.4,1.086,False,False,False,
0.10160783247533828,0.10160783247533828,0.24899062196923685,0.40162155188461335,bull_quiet,1,0.625,0.34707367420196533,False,False,2018-04-23,0,True,20.4,1.0539,False,False,False,
0.10160855725996211,0.10160855725996211,0.24899335272776507,0.401617147222939,bull_quiet,1,0.625,0.3470761775970459,False,False,2018-04-24,0,True,21.25,1.1151,False,False,False,
0.10160415707152329,0.10160415707152329,0.2489822517872957,0.40163505343115585,bull_quiet,1,0.625,0.34707534313201904,False,False,2018-04-25,0,True,22.12,1.0953,False,False,False,
0.10160841407635693,0.10160841407635693,0.2489941838341312,0.40161580668332214,bull_quiet,1,0.625,0.3470792770385742,False,False,2018-04-26,0,True,21.83,1.0849,False,False,False,
0.10161561137463794,0.10161561137463794,0.2490124688760554,0.4015863159437789,bull_quiet,1,0.625,0.3470809757709503,False,False,2018-04-27,0,True,21.53,1.0369,False,False,False,
0.10164548431682942,0.10164548431682942,0.24908229684282276,0.4014737348560044,bull_quiet,1,0.625,0.34707212448120117,False,False,2018-04-30,0,True,21.51,1.0296,False,False,False,
0.10164084463658035,0.10164084463658035,0.24907404234682756,0.4014870399893106,bull_quiet,1,0.625,0.3470802903175354,False,False,2018-05-01,0,True,22.01,1.0126,False,False,False,
0.10166897857807314,0.10166897857807314,0.24913848219025672,0.40138319508438747,bull_quiet,1,0.625,0.3470684885978699,False,False,2018-05-02,0,True,22.25,0.9961,False,False,False,
0.10167023565191664,0.10167023565191664,0.2491437687789654,0.4013746781229664,bull_quiet,1,0.625,0.3470742702484131,False,False,2018-05-03,0,True,23.24,1.0123,False,False,False,
0.1016853740370613,0.1016853740370613,0.24918202564005312,0.40131305515772386,bull_quiet,1,0.625,0.34707731008529663,False,False,2018-05-04,0,True,22.94,1.0554,False,False,False,
0.10171850360822253,0.10171850360822253,0.24926414326900898,0.4011808465049815,bull_quiet,1,0.625,0.3470797538757324,False,False,2018-05-07,0,True,22.28,1.0137,False,False,False,
0.10172757099250145,0.10172757099250145,0.24928619247841793,0.4011453623074513,bull_quiet,1,0.625,0.3470793068408966,False,False,2018-05-08,0,True,21.89,0.9804,False,False,False,
0.1017120559975989,0.1017120559975989,0.24924292794647673,0.4012149946395845,bull_quiet,1,0.625,0.3470655679702759,False,False,2018-05-09,0,True,20.73,0.9679,False,False,False,
0.05086211007403522,0.05086211007403522,0.2492697891072188,0.40117175995598425,sideways_quiet,1,0.625,0.34705784916877747,True,False,2018-05-10,4,True,19.55,0.9556,True,False,False,
0.05086251643954852,0.05086251643954852,0.24927698030736728,0.40116018686000005,sideways_quiet,1,0.625,0.34707146883010864,True,False,2018-05-11,4,True,18.65,0.9143,True,False,False,
0.050871882989399174,0.050871882989399174,0.24932518453319663,0.40108262704077297,sideways_quiet,1,0.625,0.34707748889923096,True,False,2018-05-14,4,True,18.06,0.8807,True,False,False,
0.050869488085410045,0.050869488085410045,0.24931549538920314,0.4010982143083057,sideways_quiet,1,0.625,0.34708285331726074,True,False,2018-05-15,4,True,16.79,0.8799,True,False,False,
0.05086456354172489,0.05086456354172489,0.24929261148271817,0.40113503326564637,sideways_quiet,1,0.625,0.3470861315727234,True,False,2018-05-16,4,True,15.95,0.8488,True,False,False,
0.05086919058465274,0.05086919058465274,0.24931466321034573,0.40109955312026885,sideways_quiet,1,0.625,0.34708449244499207,True,False,2018-05-17,4,True,15.3,0.8316,True,False,False,
0.050870737083960726,0.050870737083960726,0.24932239069230724,0.4010871214668064,sideways_quiet,1,0.625,0.3470848798751831,True,False,2018-05-18,4,True,14.62,0.7914,True,False,False,
0.050880412374681626,0.050880412374681626,0.24936828498138755,0.4010133045084857,sideways_quiet,1,0.625,0.34708088636398315,True,False,2018-05-21,4,True,14.58,0.7944,True,False,False,
0.05087924730907968,0.05087924730907968,0.24936251800695175,0.40102257869088487,sideways_quiet,1,0.625,0.3470807373523712,True,False,2018-05-22,4,True,14.42,0.7811,True,False,False,
0.05089124485717049,0.05089124485717049,0.24941668526001567,0.40093548631580317,sideways_quiet,1,0.625,0.3470686078071594,True,False,2018-05-23,4,True,13.78,0.7795,True,False,False,
0.050885917887026844,0.050885917887026844,0.24939848945882956,0.4009647380663382,sideways_quiet,1,0.625,0.34708932042121887,True,False,2018-05-24,4,True,13.12,0.783,True,False,False,
0.050890927357786775,0.050890927357786775,0.2494215614845611,0.4009276479739699,sideways_quiet,1,0.625,0.34708544611930847,True,False,2018-05-25,4,True,12.5,0.7527,True,False,False,
0.05089196372993178,0.05089196372993178,0.24942958962288794,0.40091474372062186,sideways_quiet,1,0.625,0.3470931649208069,True,False,2018-05-29,4,True,12.66,0.8068,True,False,False,
0.05089179981320814,0.05089179981320814,0.24942917334269693,0.40091541281984494,sideways_quiet,1,0.625,0.34709417819976807,True,False,2018-05-30,4,True,12.06,0.8468,True,False,False,
0.05089768853468991,0.05089768853468991,0.24945789830580642,0.4008692475930813,sideways_quiet,1,0.625,0.3470938205718994,True,False,2018-05-31,4,True,11.56,0.8383,True,False,False,
0.05089749117989448,0.05089749117989448,0.24946110999795465,0.40086408659377776,sideways_quiet,1,0.625,0.3471047580242157,True,False,2018-06-01,4,True,10.92,0.8476,True,False,False,
0.05091198371102203,0.05091198371102203,0.24952190204304517,0.4007664224311217,sideways_quiet,1,0.625,0.34707796573638916,True,False,2018-06-04,4,True,10.77,0.8198,True,False,False,
0.05090967621267237,0.05090967621267237,0.24951125344260774,0.4007835262749056,sideways_quiet,1,0.625,0.34707969427108765,True,False,2018-06-05,4,True,10.74,0.7887,True,False,False,
0.050909504109747865,0.050909504109747865,0.24950804110488672,0.4007886862370203,sideways_quiet,1,0.625,0.347073495388031,True,False,2018-06-06,4,True,11.38,0.7896,True,False,False,
0.050913126757769545,0.050913126757769545,0.2495266613410204,0.4007587784911412,sideways_quiet,1,0.625,0.34707576036453247,True,False,2018-06-07,4,True,12.2,0.7777,True,False,False,
0.050919509741047246,0.050919509741047246,0.2495635489783775,0.4006995428994486,sideways_quiet,1,0.625,0.3470904231071472,True,False,2018-06-08,4,True,12.97,0.758,True,False,False,
0.05093086125230947,0.05093086125230947,0.249612701302744,0.40062063940694476,sideways_quiet,1,0.625,0.3470734655857086,True,False,2018-06-11,4,True,14.04,0.729,True,False,True,
0.05093258905117943,0.05093258905117943,0.2496183550358008,0.40061156554636296,sideways_quiet,1,0.625,0.34706610441207886,True,False,2018-06-12,4,True,14.96,0.7018,True,False,True,
0.05093360118587967,0.05093360118587967,0.24962537774570265,0.40060029514255396,sideways_quiet,1,0.625,0.34707149863243103,True,False,2018-06-13,4,True,15.59,0.693,True,False,True,
0.05093545560433748,0.05093545560433748,0.24963007950088317,0.40059274987991267,sideways_quiet,1,0.625,0.34706002473831177,True,False,2018-06-14,4,True,16.17,0.6746,True,False,True,
0.05093174706811627,0.05093174706811627,0.24961484375493895,0.4006172008671715,sideways_quiet,1,0.625,0.3470677137374878,True,False,2018-06-15,4,True,15.22,0.7185,True,False,True,
0.05093623075847926,0.05093623075847926,0.24963924520227193,0.40057804180177803,sideways_quiet,1,0.625,0.34707406163215637,True,False,2018-06-18,4,True,14.13,0.7234,True,False,True,
0.05093180088584501,0.05093180088584501,0.24961674817232754,0.4006141444121496,sideways_quiet,1,0.625,0.3470720052719116,True,False,2018-06-19,4,True,13.77,0.7526,True,False,False,
0.050939537970402474,0.050939537970402474,0.24965055399889613,0.40055989621574073,sideways_quiet,1,0.625,0.34706124663352966,True,False,2018-06-20,4,True,12.95,0.7269,True,False,True,
0.05093749311902256,0.05093749311902256,0.24964829219858847,0.4005635252671895,sideways_quiet,1,0.625,0.3470815420150757,True,False,2018-06-21,4,True,13.0,0.7355,True,False,True,
0.05093670425551242,0.05093670425551242,0.2496444828970207,0.4005696374281597,sideways_quiet,1,0.625,0.3470816910266876,True,False,2018-06-22,4,True,13.06,0.7216,True,False,True,
0.050935015037409964,0.050935015037409964,0.24963847146122733,0.4005792833719202,sideways_quiet,1,0.625,0.3470876216888428,True,False,2018-06-25,4,True,14.82,0.8282,True,False,False,
0.05093302234930945,0.05093302234930945,0.24963257920425058,0.40058873853231924,sideways_quiet,1,0.625,0.3470977544784546,True,False,2018-06-26,4,True,16.45,0.8119,True,False,False,
0.050937059280173266,0.050937059280173266,0.24965960140504662,0.4005453803387295,sideways_quiet,1,0.625,0.3471166789531708,True,False,2018-06-27,4,True,18.36,0.88,True,False,False,
0.10187406757041279,0.10187406757041279,0.24965454195988188,0.4005534977051187,bull_quiet,1,0.625,0.3471037745475769,False,False,2018-06-28,0,True,20.3,0.9004,False,False,False,
0.10188285322311512,0.10188285322311512,0.2496762090103912,0.4005187374334017,bull_quiet,1,0.625,0.34710413217544556,False,False,2018-06-29,0,True,21.01,0.9048,False,False,False,
0.10189618657202495,0.10189618657202495,0.24970817729584213,0.4004674619907415,bull_quiet,1,0.625,0.3471022844314575,False,False,2018-07-02,0,True,22.17,0.9096,False,False,False,
0.10191321039855195,0.10191321039855195,0.24974467496004196,0.4004089377120836,bull_quiet,1,0.625,0.34708863496780396,False,False,2018-07-03,0,True,22.76,0.9075,False,False,False,
0.10191745429651924,0.10191745429651924,0.24976075229555608,0.4003831630105931,bull_quiet,1,0.625,0.347103476524353,False,False,2018-07-05,0,True,23.19,0.898,False,False,False,
0.10192611570732395,0.10192611570732395,0.2497785576636952,0.4003546218512527,bull_quiet,1,0.625,0.3470945358276367,False,False,2018-07-06,0,True,22.3,0.9134,False,False,False,
0.1019478737739574,0.1019478737739574,0.24981595902467119,0.4002946824951414,bull_quiet,1,0.625,0.3470529317855835,False,False,2018-07-09,0,True,20.8,0.9107,False,False,False,
0.05097308395970781,0.05097308395970781,0.2498139339668354,0.4002979273897337,sideways_quiet,1,0.625,0.34705856442451477,True,False,2018-07-10,4,True,19.79,0.8684,True,False,False,
0.05097599584663785,0.05097599584663785,0.24982846709865247,0.4002746410820826,sideways_quiet,1,0.625,0.3470592498779297,True,False,2018-07-11,4,True,18.51,0.8666,True,False,False,
0.32262431418823706,0.32262431418823706,1.1062638442728905,0.09039434897714352,sideways_quiet,4,0.625,0.06677072495222092,True,False,2018-07-12,4,True,17.58,0.8707,True,False,False,
0.3280675022137658,0.3280675022137658,1.122284682561194,0.08910395156760716,sideways_quiet,4,0.625,0.06457245349884033,True,False,2018-07-13,4,True,16.89,0.837,True,False,False,
0.25419127334504527,0.25419127334504527,0.9475528724735838,0.1055350080243547,sideways_quiet,4,0.625,0.1415655016899109,True,False,2018-07-16,4,True,16.25,0.7975,True,False,False,
0.3430335027050759,0.3430335027050759,1.1627214291582615,0.08600512340466093,sideways_quiet,4,0.625,0.05591556057333946,True,False,2018-07-17,4,True,16.09,0.8084,True,False,False,
0.3265191557925104,0.3265191557925104,1.1184432970171618,0.08940998642192727,sideways_quiet,4,0.625,0.06578965485095978,True,False,2018-07-18,4,True,16.04,0.7767,True,False,False,
0.2696122397495101,0.2696122397495101,0.9806454327802615,0.10197365597929374,sideways_quiet,4,0.625,0.12021293491125107,True,False,2018-07-19,4,True,15.68,0.7631,True,False,False,
0.2760169344431532,0.2760169344431532,0.9947915727983533,0.10052356969480505,sideways_quiet,4,0.625,0.11212135851383209,True,False,2018-07-20,4,True,15.34,0.7318,True,False,True,
0.33395254597137836,0.33395254597137836,1.1380967865144151,0.08786598924179759,sideways_quiet,4,0.625,0.06102173402905464,True,False,2018-07-23,4,True,14.77,0.7161,True,False,True,
0.33032211687992236,0.33032211687992236,1.1289670790003752,0.0885765420977052,sideways_quiet,4,0.625,0.06371869146823883,True,False,2018-07-24,4,True,15.19,0.7339,True,False,True,
0.3315819798105191,0.3315819798105191,1.1326390885799178,0.08828937744447632,sideways_quiet,4,0.625,0.06319466978311539,True,False,2018-07-25,4,True,16.22,0.7733,True,False,False,
0.3401514535634954,0.3401514535634954,1.155539454377876,0.08653966735721577,sideways_quiet,4,0.625,0.05802900344133377,True,False,2018-07-26,4,True,17.18,0.7432,True,False,True,
0.30617701287044014,0.30617701287044014,1.0640225509960444,0.09398297047970346,sideways_quiet,4,0.625,0.07918639481067657,True,False,2018-07-27,4,True,16.54,0.7935,True,False,False,
0.3252201612418647,0.3252201612418647,1.1152163370409294,0.08966870075212136,sideways_quiet,4,0.625,0.06681378185749054,True,False,2018-07-30,4,True,15.45,0.8033,True,False,False,
0.3076760390661161,0.3076760390661161,1.0674642380395296,0.09367995332907525,sideways_quiet,4,0.625,0.07766153663396835,True,False,2018-07-31,4,True,14.59,0.8042,True,False,False,
0.32311860876331194,0.32311860876331194,1.1072391081525204,0.09031472900813142,sideways_quiet,4,0.625,0.06616417318582535,True,False,2018-08-01,4,True,13.66,0.803,True,False,False,
0.32012743690309176,0.32012743690309176,1.0979665612475205,0.09107745493303458,sideways_quiet,4,0.625,0.06699544936418533,True,False,2018-08-02,4,True,13.06,0.8471,True,False,False,
0.3354178079750966,0.3354178079750966,1.1406736630677987,0.08766749267363093,sideways_quiet,4,0.625,0.0590323768556118,True,False,2018-08-03,4,True,12.31,0.8206,True,False,False,
0.32862052178431916,0.32862052178431916,1.1236876439894072,0.08899270231803197,sideways_quiet,4,0.625,0.06416549533605576,True,False,2018-08-06,4,True,12.25,0.8116,True,False,False,
0.3464664575199979,0.3464664575199979,1.17299465026355,0.08525188071192982,sideways_quiet,4,0.625,0.05481865257024765,True,False,2018-08-07,4,True,12.63,0.7904,True,False,False,
0.3526409784415337,0.3526409784415337,1.1903482104545575,0.08400903124121392,sideways_quiet,4,0.625,0.05199913680553436,True,False,2018-08-08,4,True,12.8,0.7584,True,False,False,
0.31273728133189554,0.31273728133189554,1.0792926901303022,0.09265327275396175,sideways_quiet,4,0.625,0.07276375591754913,True,False,2018-08-09,4,True,12.99,0.7324,True,False,True,
0.24522832624163143,0.24522832624163143,0.9237516298765737,0.1082542068297746,sideways_quiet,4,0.625,0.15049606561660767,True,False,2018-08-10,4,True,12.4,0.7654,True,False,False,
0.22524026644364376,0.22524026644364376,0.890335207502748,0.11231724765831116,sideways_quiet,4,0.625,0.19045226275920868,True,False,2018-08-13,4,True,12.13,0.7842,True,False,False,
0.22495606392262302,0.22495606392262302,0.8924528045340836,0.11205074317874578,sideways_quiet,4,0.625,0.19339218735694885,True,False,2018-08-14,4,True,11.88,0.7905,True,False,False,
0.19873486019064604,0.19873486019064604,0.8463892675691792,0.11814894615476272,sideways_quiet,4,0.625,0.24862994253635406,True,False,2018-08-15,4,True,12.68,0.8517,True,False,False,
0.23017668556627044,0.23017668556627044,0.8965271877521881,0.11154151415165038,sideways_quiet,4,0.625,0.17842380702495575,True,False,2018-08-16,4,True,12.06,0.89,True,False,False,
0.24397880150806248,0.24397880150806248,0.9218045647303057,0.10848286483508271,sideways_quiet,4,0.625,0.1530393809080124,True,False,2018-08-17,4,True,11.23,0.8893,True,False,False,
0.3020804960592242,0.3020804960592242,1.050501400249677,0.0951926384641016,sideways_quiet,4,0.625,0.07981313765048981,True,False,2018-08-20,4,True,10.59,0.8471,True,False,False,
0.2565762054592537,0.2565762054592537,0.944387465547019,0.10588874127218202,sideways_quiet,4,0.625,0.1306069940328598,True,False,2018-08-21,4,True,10.63,0.8335,True,False,False,
0.31168489927836746,0.31168489927836746,1.0740798525765907,0.09310294738339223,sideways_quiet,4,0.625,0.07139895111322403,True,False,2018-08-22,4,True,10.59,0.8059,True,False,False,
0.3340230609721866,0.3340230609721866,1.134104474568928,0.08817529799272673,sideways_quiet,4,0.625,0.05751734599471092,True,False,2018-08-23,4,True,10.64,0.7926,True,False,False,
0.3611275645917762,0.3611275645917762,1.210973296579669,0.08257820406316539,sideways_quiet,4,0.625,0.04571949690580368,True,False,2018-08-24,4,True,11.04,0.7937,True,False,False,
0.35613604734275117,0.35613604734275117,1.198458084357612,0.08344054857254454,sideways_quiet,4,0.625,0.049082010984420776,True,False,2018-08-27,4,True,12.34,0.8126,True,False,False,
0.3166899228400314,0.3166899228400314,1.0866521576860555,0.09202576858904189,sideways_quiet,4,0.625,0.06740372627973557,True,False,2018-08-28,4,True,13.74,0.7824,True,False,False,
0.3189258266546678,0.3189258266546678,1.0886579754702759,0.09185621402975737,sideways_quiet,4,0.625,0.06254979223012924,True,False,2018-08-29,4,True,15.49,0.7846,True,False,False,
0.27684317312601997,0.27684317312601997,0.9801550344573822,0.10202467618335544,sideways_quiet,4,0.625,0.09616527706384659,True,False,2018-08-30,4,True,16.93,0.7869,True,False,False,
0.3305678116033194,0.3305678116033194,1.125295705759963,0.08886553062287346,sideways_quiet,4,0.625,0.059965312480926514,True,False,2018-08-31,4,True,18.0,0.7775,True,False,False,
0.0,0.0,0.8365927573382618,0.11953247159127238,sideways_quiet,5,0.0,0.26831021904945374,True,False,2018-09-04,4,True,18.54,0.7735,True,False,False,
0.29409749878789765,0.29409749878789765,0.8347418314180196,0.11979751850955496,sideways_quiet,2,1.0,0.29535698890686035,True,False,2018-09-05,4,True,18.47,0.7806,True,False,False,
0.2456469758470191,0.2456469758470191,0.7767585992095288,0.1287401260852025,sideways_quiet,2,1.0,0.36750754714012146,True,False,2018-09-06,4,True,17.8,0.8076,True,False,False,
0.21297006383393327,0.21297006383393327,0.881138989805654,0.11348947346213363,sideways_quiet,4,0.625,0.2265644669532776,True,False,2018-09-07,4,True,16.99,0.8141,True,False,False,
0.0,0.0,0.8538445329802004,0.11711733944230675,sideways_quiet,5,0.0,0.2581902742385864,True,False,2018-09-10,4,True,16.43,0.8004,True,False,False,
0.2015720139802481,0.2015720139802481,0.8591987150643308,0.11638751111553129,sideways_quiet,4,0.625,0.24926511943340302,True,False,2018-09-11,4,True,15.3,0.8291,True,False,False,
0.23561805149504472,0.23561805149504472,0.9137204026195874,0.10944266945698637,sideways_quiet,4,0.625,0.17482660710811615,True,False,2018-09-12,4,True,14.41,0.8189,True,False,False,
0.29571194964900716,0.29571194964900716,1.0363143896064766,0.09649581343550906,sideways_quiet,4,0.625,0.0868811160326004,True,False,2018-09-13,4,True,14.35,0.8228,True,False,False,
0.30086417133493487,0.30086417133493487,1.048360656811316,0.0953870210125579,sideways_quiet,4,0.625,0.08164681494235992,True,False,2018-09-14,4,True,14.43,0.8028,True,False,False,
0.23070074696185688,0.23070074696185688,0.90480238063725,0.11052137145082472,sideways_quiet,4,0.625,0.18408438563346863,True,False,2018-09-17,4,True,13.77,0.8065,True,False,False,
0.23200997906777424,0.23200997906777424,0.9081630789325442,0.11011238214786281,sideways_quiet,4,0.625,0.1824905127286911,True,False,2018-09-18,4,True,13.6,0.8244,True,False,False,
0.31313760582315975,0.31313760582315975,1.0812215067494395,0.09248798638924395,sideways_quiet,4,0.625,0.07323306798934937,True,False,2018-09-19,4,True,13.52,0.7896,True,False,False,
0.3085533385093323,0.3085533385093323,1.068696745031248,0.09357191407659436,sideways_quiet,4,0.625,0.07609835267066956,True,False,2018-09-20,4,True,14.64,0.8281,True,False,False,
0.33483776104133256,0.33483776104133256,1.142556074701366,0.08752305660458491,sideways_quiet,4,0.625,0.06220722198486328,True,False,2018-09-21,4,True,15.68,0.8271,True,False,False,
0.326825733006698,0.326825733006698,1.1179122410722258,0.08945245997493217,sideways_quiet,4,0.625,0.06446829438209534,True,False,2018-09-24,4,True,15.5,0.8211,True,False,False,
0.3148003140080533,0.3148003140080533,1.0802956879716752,0.0925672490535961,sideways_quiet,4,0.625,0.06751362979412079,True,False,2018-09-25,4,True,15.41,0.7989,True,False,False,
0.30555463046840525,0.30555463046840525,1.05983237386523,0.09435454366740845,sideways_quiet,4,0.625,0.0774250328540802,True,False,2018-09-26,4,True,14.55,0.8421,True,False,False,
0.31294613753995104,0.31294613753995104,1.0765713289732188,0.0928874820541386,sideways_quiet,4,0.625,0.06979908049106598,True,False,2018-09-27,4,True,13.75,0.8505,True,False,False,
0.30279787062656316,0.30279787062656316,1.052045110676235,0.09505295826689586,sideways_quiet,4,0.625,0.07898133248090744,True,False,2018-09-28,4,True,12.89,0.832,True,False,False,
0.3121529822762313,0.3121529822762313,1.0747105080698516,0.09304831324260247,sideways_quiet,4,0.625,0.07055012881755829,True,False,2018-10-01,4,True,13.18,0.8489,True,False,False,
0.3279128522807813,0.3279128522807813,1.1177520673882146,0.08946527849746153,sideways_quiet,4,0.625,0.061221931129693985,True,False,2018-10-02,4,True,13.44,0.8266,True,False,False,
0.36613066345351086,0.36613066345351086,1.2293640433672988,0.08134287035603731,sideways_quiet,4,0.625,0.04697218909859657,True,False,2018-10-03,4,True,14.19,0.8326,True,False,False,
0.2690523338803507,0.2690523338803507,0.9714461101269757,0.1029393179483,sideways_quiet,4,0.625,0.11372596025466919,True,False,2018-10-04,4,True,13.95,0.9197,True,False,False,
0.26982444739754613,0.26982444739754613,0.9770691558835377,0.1023469008287061,sideways_quiet,4,0.625,0.11629772931337357,True,False,2018-10-05,4,True,14.41,0.9939,True,False,False,
0.21706280161982056,0.21706280161982056,0.88697344322319,0.11274294711305906,sideways_quiet,4,0.625,0.21688640117645264,True,False,2018-10-08,4,True,15.14,1.0109,True,False,False,
0.2164122511430894,0.2164122511430894,0.8860119833582246,0.11286529062617529,sideways_quiet,4,0.625,0.2183861881494522,True,False,2018-10-09,4,True,15.39,1.0036,True,False,False,
0.03770330189264972,0.03770330189264972,0.503042041131603,0.19879054198938928,sideways_quiet,3,0.375,0.6002634763717651,True,False,2018-10-10,4,True,18.08,1.2443,True,False,False,
0.07201325168128458,0.07201325168128458,0.48339171402853226,0.2068715641950319,bear_volatile,3,0.375,0.6027334928512573,False,False,2018-10-11,3,False,21.52,1.4031,False,True,False,
0.08021923054626931,0.08021923054626931,0.5299291992950941,0.18870445360062985,bear_volatile,3,0.375,0.5963273048400879,False,False,2018-10-12,3,False,24.71,1.4301,False,True,False,
0.08867522304421882,0.08867522304421882,0.5738701273693502,0.1742554547287643,bear_volatile,3,0.375,0.587942898273468,False,False,2018-10-15,3,False,27.67,1.3915,False,True,False,
0.6398092745934812,0.6398092745934812,0.8284851861915343,0.12070221853898229,bull_volatile,2,1.0,0.22773601114749908,False,False,2018-10-16,1,True,28.65,1.4576,False,True,False,
0.5128641946473363,0.5128641946473363,0.7731319253227044,0.12934403136729883,bull_volatile,2,1.0,0.33664077520370483,False,False,2018-10-17,1,True,29.43,1.4367,False,True,False,
0.1890350380721321,0.1890350380721321,0.6596267420351097,0.15160088824093995,bear_volatile,1,0.625,0.541473925113678,False,False,2018-10-18,3,False,30.6,1.467,False,True,False,
0.19088688649065605,0.19088688649065605,0.6645303867357923,0.1504822081819391,bear_volatile,1,0.625,0.5403987169265747,False,False,2018-10-19,3,False,31.68,1.4488,False,True,False,
0.18080521667719637,0.18080521667719637,0.6439822114819286,0.15528379234246317,bear_volatile,1,0.625,0.5507820844650269,False,False,2018-10-22,3,False,32.87,1.409,False,True,False,
0.0837490389539494,0.0837490389539494,0.5489597202772442,0.18216272762142996,bear_volatile,3,0.375,0.5931745767593384,False,False,2018-10-23,3,False,34.78,1.4614,False,True,False,
0.08202233724368706,0.08202233724368706,0.5391901738478253,0.18546332045773303,bear_volatile,3,0.375,0.5943430662155151,False,False,2018-10-24,3,False,36.95,1.5665,False,True,False,
0.08314224055607938,0.08314224055607938,0.5457961556763847,0.18321858620655498,bear_volatile,3,0.375,0.5937812328338623,False,False,2018-10-25,3,False,38.96,1.5912,False,True,False,
0.07665427611056029,0.07665427611056029,0.5098932444225494,0.19611948401718743,bear_volatile,3,0.375,0.599109411239624,False,False,2018-10-26,3,False,41.18,1.6577,False,True,False,
0.07373353697277604,0.07373353697277604,0.49260338458249386,0.20300307129386663,bear_volatile,3,0.375,0.6008497476577759,False,False,2018-10-29,3,False,43.41,1.7425,False,True,False,
0.07225476733493807,0.07225476733493807,0.4839355366548383,0.20663909224613092,bear_volatile,3,0.375,0.6018490791320801,False,False,2018-10-30,3,False,45.49,1.7025,False,True,False,
0.07597816385440079,0.07597816385440079,0.5058275293492881,0.19769584334139156,bear_volatile,3,0.375,0.5994515419006348,False,False,2018-10-31,3,False,45.32,1.6751,False,True,False,
0.6537758698294932,0.6537758698294932,1.0663696718720534,0.09377611032808737,bear_volatile,4,0.625,0.0190630704164505,False,False,2018-11-01,3,False,44.99,1.6073,False,True,False,
0.7444912895265635,0.7444912895265635,1.2022414560027397,0.08317796687238185,bear_volatile,4,0.625,0.009195650927722454,False,False,2018-11-02,3,False,44.15,1.5927,False,True,False,
0.08644088504047842,0.08644088504047842,0.5586997754029638,0.17898700590648123,bear_volatile,3,0.375,0.587418794631958,False,False,2018-11-05,3,False,43.36,1.518,False,True,False,
0.7018692242615275,0.7018692242615275,1.135885047459158,0.08803707754027426,bull_volatile,4,0.625,0.011351754888892174,False,False,2018-11-07,1,True,39.24,1.4492,False,True,False,
0.707609414025551,0.707609414025551,1.1446694503650707,0.08736146489111497,bull_volatile,4,0.625,0.010915280319750309,False,False,2018-11-08,1,True,36.51,1.3743,False,True,False,
1.2594661318503488,1.2594661318503488,1.2673384212281316,0.0789055222543428,bull_volatile,0,1.0,0.00621167104691267,False,False,2018-11-09,1,True,34.72,1.3567,False,True,False,
0.19891798284834775,0.19891798284834775,0.6334670985961819,0.1578613952036478,bear_volatile,1,0.625,0.4975764751434326,False,False,2018-11-12,3,False,33.93,1.3713,False,True,False,
0.08957368360461247,0.08957368360461247,0.5630537889215697,0.17760292527563376,bear_volatile,3,0.375,0.5757720470428467,False,False,2018-11-13,3,False,33.34,1.3473,False,True,False,
0.07205887262312265,0.07205887262312265,0.48170521949358186,0.20759584067851766,bear_volatile,3,0.375,0.6010900735855103,False,False,2018-11-14,3,False,33.28,1.3691,False,True,False,
0.16505833380185658,0.16505833380185658,0.5576842166959926,0.17931294629862632,bear_volatile,1,0.625,0.5264464616775513,False,False,2018-11-15,3,False,33.47,1.3937,False,True,False,
0.5130019540122104,0.5130019540122104,0.8557406728681228,0.11685783225055482,bear_volatile,4,0.625,0.04082725942134857,False,False,2018-11-16,3,False,33.22,1.3533,False,True,False,
0.1438611595003367,0.1438611595003367,0.5163165381760892,0.1936796375983895,bear_volatile,1,0.625,0.5541923642158508,False,False,2018-11-19,3,False,33.53,1.3601,False,True,False,
0.14828229218149153,0.14828229218149153,0.5235394761907406,0.19100756399039356,bear_volatile,1,0.625,0.5468313694000244,False,False,2018-11-20,3,False,34.5,1.3706,False,True,False,
0.16155422922436233,0.16155422922436233,0.5391086774338302,0.18549135672607298,bear_volatile,1,0.625,0.5205293893814087,False,False,2018-11-21,3,False,35.34,1.3206,False,True,False,
0.07485191458275048,0.07485191458275048,0.4782459758293826,0.20909742068729015,bear_volatile,3,0.375,0.5826308727264404,False,False,2018-11-23,3,False,36.38,1.2533,False,True,False,
0.4922324064748341,0.4922324064748341,0.8125869443632715,0.12306375421568976,bear_quiet,4,0.625,0.03078451380133629,False,False,2018-11-26,2,False,36.31,1.2459,False,False,False,
0.4927801203448728,0.4927801203448728,0.810506757658117,0.12337960054637989,bear_quiet,4,0.625,0.02721576951444149,False,False,2018-11-27,2,False,36.04,1.2025,False,False,False,
0.48672495568361906,0.48672495568361906,0.80261505762475,0.12459272854404063,bear_quiet,4,0.625,0.029721755534410477,False,False,2018-11-28,2,False,34.03,1.2367,False,False,False,
0.5221087931619629,0.5221087931619629,0.8560155379704356,0.11682030940360538,bear_quiet,4,0.625,0.024113427847623825,False,False,2018-11-29,2,False,31.92,1.2015,False,False,False,
0.40238811193259233,0.40238811193259233,0.71183660082838,0.14048167779463405,bear_quiet,4,0.625,0.09554948657751083,False,False,2018-11-30,2,False,29.79,1.164,False,False,False,
0.6473190012323419,0.6473190012323419,0.7488540087152411,0.13353737689347933,bull_quiet,2,1.0,0.1355871856212616,False,False,2018-12-03,0,True,28.45,1.1707,False,False,False,
0.07557588529599822,0.07557588529599822,0.48045145621493884,0.20813757291488602,bear_volatile,3,0.375,0.5805284976959229,False,False,2018-12-04,3,False,27.24,1.2699,False,True,False,
0.0747820671500476,0.0747820671500476,0.4777036494054486,0.2093348043802058,bear_volatile,3,0.375,0.5825469493865967,False,False,2018-12-06,3,False,27.23,1.3209,False,True,False,
0.07613043977012422,0.07613043977012422,0.4813122569616639,0.20776533020634236,bear_volatile,3,0.375,0.5782062411308289,False,False,2018-12-07,3,False,26.94,1.3771,False,True,False,
0.1281214054551414,0.1281214054551414,0.4760167979609724,0.21007662004440186,bear_volatile,1,0.625,0.5693550109863281,False,False,2018-12-10,3,False,27.2,1.3862,False,True,False,
0.13777723392797198,0.13777723392797198,0.4971664883618186,0.2011398642927515,bear_volatile,1,0.625,0.5566000938415527,False,False,2018-12-11,3,False,26.83,1.3722,False,True,False,
0.1776607472119617,0.1776607472119617,0.5514366089813569,0.18134450700457724,bear_volatile,1,0.625,0.4845151901245117,False,False,2018-12-12,3,False,26.24,1.3497,False,True,False,
0.14308983037272333,0.14308983037272333,0.5035580242246174,0.19858684637978077,bear_volatile,1,0.625,0.5453478693962097,False,False,2018-12-13,3,False,25.88,1.3019,False,True,False,
0.15695317442662732,0.15695317442662732,0.5305747095263157,0.18847487112470473,bear_volatile,1,0.625,0.5266923308372498,False,False,2018-12-14,3,False,26.15,1.2985,False,True,False,
0.1437303721874718,0.1437303721874718,0.5066353406752119,0.19738062462584283,bear_volatile,1,0.625,0.5460865497589111,False,False,2018-12-17,3,False,27.14,1.3235,False,True,False,
0.13555395624970323,0.13555395624970323,0.49368212923009086,0.20255948935391363,bear_volatile,1,0.625,0.5606761574745178,False,False,2018-12-18,3,False,28.09,1.3003,False,True,False,
0.171052694389975,0.171052694389975,0.5477216640588909,0.18257448365096626,bear_volatile,1,0.625,0.5003222823143005,False,False,2018-12-19,3,False,29.38,1.3732,False,True,False,
0.13419015094808723,0.13419015094808723,0.49587271955502893,0.2016646531588488,bear_volatile,1,0.625,0.5670174360275269,False,False,2018-12-20,3,False,30.99,1.3815,False,True,False,
0.14454189289643443,0.14454189289643443,0.5093507320146485,0.19632837201287087,bear_volatile,1,0.625,0.5459572076797485,False,False,2018-12-21,3,False,32.85,1.4323,False,True,False,
0.13301498296201475,0.13301498296201475,0.4834644419749672,0.20684044433856794,bear_volatile,1,0.625,0.5597939491271973,False,False,2018-12-24,3,False,34.95,1.4233,False,True,False,
0.07067883149601607,0.07067883149601607,0.4776960186068995,0.20933814833045727,bear_volatile,3,0.375,0.6054459810256958,False,False,2018-12-26,3,False,35.63,1.5047,False,True,False,
0.07375341701713709,0.07375341701713709,0.49712310691025496,0.2011574167644814,bear_volatile,3,0.375,0.6043720841407776,False,False,2018-12-27,3,False,35.82,1.5243,False,True,False,
0.07026662437270062,0.07026662437270062,0.4760143011600514,0.21007772194301527,bear_volatile,3,0.375,0.6063612699508667,False,False,2018-12-28,3,False,35.34,1.4748,False,True,False,
0.08506923760396634,0.08506923760396634,0.5594116733055232,0.17875923004807395,bear_volatile,3,0.375,0.5944823622703552,False,False,2018-12-31,3,False,34.89,1.3965,False,True,False,
0.07677983302765404,0.07677983302765404,0.5151624185119813,0.19411353857846345,bear_volatile,3,0.375,0.6025598645210266,False,False,2019-01-02,3,False,34.66,1.3654,False,True,False,
0.07527972877774503,0.07527972877774503,0.5079795951449313,0.1968583009155497,bear_volatile,3,0.375,0.6048149466514587,False,False,2019-01-03,3,False,34.72,1.3565,False,True,False,
0.08806359084433456,0.08806359084433456,0.5726554837367067,0.17462506313128684,bear_volatile,3,0.375,0.5899170637130737,False,False,2019-01-04,3,False,33.75,1.384,False,True,False,
0.08559216701861508,0.08559216701861508,0.5607992820820874,0.17831691871774263,bear_volatile,3,0.375,0.5929991602897644,False,False,2019-01-07,3,False,32.28,1.3367,False,True,False,
0.08283724433463728,0.08283724433463728,0.5479941363346854,0.18248370442220457,bear_volatile,3,0.375,0.5968947410583496,False,False,2019-01-08,3,False,30.65,1.2795,False,True,False,
0.4598913008416888,0.4598913008416888,0.6814354842769512,0.14674903539270004,bear_quiet,2,1.0,0.3251139521598816,False,False,2019-01-09,2,False,28.82,1.2187,False,False,False,
0.08806884253577395,0.08806884253577395,0.5742964840223365,0.17412608779981778,bear_quiet,3,0.375,0.591064453125,False,False,2019-01-10,2,False,27.25,1.1791,False,False,False,
0.6786171139957619,0.6786171139957619,1.0968237204944176,0.09117235352543505,bear_quiet,4,0.625,0.010062089189887047,False,False,2019-01-11,2,False,25.79,1.1158,False,False,False,
0.44725357068233224,0.44725357068233224,0.8993876382225112,0.1111867628041155,bear_quiet,4,0.625,0.20434117317199707,False,False,2019-01-14,2,False,24.55,1.0687,False,False,False,
0.1279355612751703,0.1279355612751703,0.6124213791187298,0.16328626564915047,bear_quiet,3,0.375,0.44293013215065,False,False,2019-01-15,2,False,22.85,1.039,False,False,False,
0.13426302821299577,0.13426302821299577,0.6342024386283147,0.15767835932054297,bear_quiet,3,0.375,0.43545669317245483,False,False,2019-01-16,2,False,21.45,0.9829,False,False,False,
0.11271623092327879,0.11271623092327879,0.554234850951737,0.18042892796849408,bear_quiet,3,0.375,0.4576728343963623,False,False,2019-01-17,2,False,20.58,0.974,False,False,False,
0.12228433718940118,0.12228433718940118,0.5918191333149339,0.16897054246940924,bear_quiet,3,0.375,0.4490013122558594,False,False,2019-01-18,2,False,20.38,0.9672,False,False,False,
0.04868174748297144,0.04868174748297144,0.48614917320639384,0.20569817971807014,sideways_quiet,3,0.375,0.46593350172042847,True,False,2019-01-22,4,False,19.68,0.9858,True,False,False,
0.07942634930373432,0.07942634930373432,0.7044303384609563,0.14195867858059694,sideways_quiet,3,0.375,0.3986528217792511,True,False,2019-01-23,4,False,18.93,0.9797,True,False,False,
0.1358776212811338,0.1358776212811338,0.7146799002545647,0.13992278216356804,sideways_quiet,1,0.625,0.3916040062904358,True,False,2019-01-24,4,False,18.24,0.9383,True,False,False,
0.14511987555756342,0.14511987555756342,0.7334188772044683,0.13634773130078737,sideways_quiet,1,0.625,0.3668234944343567,True,False,2019-01-25,4,False,18.16,0.9199,True,False,False,
0.143255822344981,0.143255822344981,0.7305797530184542,0.1368775956175096,sideways_quiet,1,0.625,0.3725275993347168,True,False,2019-01-28,4,False,17.54,0.9191,True,False,False,
0.06213622000049025,0.06213622000049025,0.5988631266881316,0.16698306431559068,sideways_quiet,3,0.375,0.44662952423095703,True,False,2019-01-29,4,False,17.13,0.8829,True,False,False,
0.5693303772557904,0.5693303772557904,1.184638530691965,0.08441393506050197,sideways_quiet,0,1.0,0.03881165012717247,True,False,2019-01-30,4,False,17.61,0.9075,True,False,False,
0.569858553233822,0.569858553233822,1.1856416165460626,0.08434251851863447,sideways_quiet,0,1.0,0.038733888417482376,True,False,2019-01-31,4,False,18.42,0.8939,True,False,False,
0.4868668093862705,0.4868668093862705,1.057366526860907,0.09457458455477916,sideways_quiet,0,1.0,0.07909547537565231,True,False,2019-02-01,4,False,19.31,0.8597,True,False,False,
1.2471491010648388,1.2471491010648388,1.2838834338957863,0.07788869095114212,bear_quiet,0,1.0,0.028611890971660614,False,False,2019-02-04,2,False,20.28,0.8415,False,False,False,
1.2136000071016453,1.2136000071016453,1.2534332530157082,0.07978087365992897,bear_quiet,0,1.0,0.03177931159734726,False,False,2019-02-05,2,False,21.45,0.8043,False,False,False,
1.2565358062464098,1.2565358062464098,1.2924848014555872,0.07737034887170875,bear_quiet,0,1.0,0.0278138630092144,False,False,2019-02-06,2,False,22.53,0.7678,False,False,False,
1.0451385285136459,1.0451385285136459,1.1135698439099093,0.08980128237747992,bear_quiet,0,1.0,0.06145219877362251,False,False,2019-02-07,2,False,22.18,0.796,False,False,False,
1.2374517961505205,1.2374517961505205,1.2737017558141843,0.0785113151831037,bear_quiet,0,1.0,0.028460320085287094,False,False,2019-02-08,2,False,21.7,0.7876,False,False,False,
1.1670775536420428,1.1670775536420428,1.210341745171949,0.08262129303471505,bear_quiet,0,1.0,0.03574543446302414,False,False,2019-02-11,2,False,21.48,0.754,False,False,False,
1.1671608446184853,1.1671608446184853,1.210264122880112,0.08262659208803626,bull_quiet,0,1.0,0.03561476990580559,False,False,2019-02-12,0,True,21.98,0.7742,False,False,False,
1.0069164816752343,1.0069164816752343,1.0684055515567306,0.0935974170616149,bull_quiet,0,1.0,0.05755218118429184,False,False,2019-02-13,0,True,22.73,0.7495,False,False,True,
0.1013440829622641,0.1013440829622641,0.5056912711956466,0.19774911234588238,bull_quiet,3,0.375,0.4655812680721283,False,False,2019-02-14,0,True,22.78,0.7475,False,False,True,
1.0300360453264377,1.0300360453264377,1.0818047698270596,0.0924381208043539,bull_quiet,0,1.0,0.04785403609275818,False,False,2019-02-15,0,True,23.22,0.7515,False,False,False,
1.0302961826420052,1.0302961826420052,1.0824084765284714,0.09238656400837011,bull_quiet,0,1.0,0.048144757747650146,False,False,2019-02-19,0,True,23.88,0.7357,False,False,True,
0.9240859208816118,0.9240859208816118,1.0015075075286861,0.099849476162949,bull_quiet,0,1.0,0.07730504870414734,False,False,2019-02-20,0,True,24.56,0.7123,False,False,True,
1.0325585451800847,1.0325585451800847,1.0839946807967522,0.09225137518802078,bull_quiet,0,1.0,0.04745054244995117,False,False,2019-02-21,0,True,24.8,0.7001,False,False,True,
0.9751476703722745,0.9751476703722745,1.0376942419568214,0.09636750013320497,bull_quiet,0,1.0,0.06027456745505333,False,False,2019-02-22,0,True,25.32,0.6872,False,False,True,
0.5399008179084425,0.5399008179084425,0.958718440085263,0.10430591070211039,bull_quiet,4,0.625,0.0989624559879303,False,False,2019-02-25,0,True,26.24,0.6806,False,False,True,
0.9957988737244428,0.9957988737244428,1.054374608940119,0.09484295159622845,bull_quiet,0,1.0,0.05555495619773865,False,False,2019-02-26,0,True,26.84,0.6574,False,False,True,
1.0264573874160299,1.0264573874160299,1.0791570892019704,0.09266491505323785,bull_quiet,0,1.0,0.04883413389325142,False,False,2019-02-27,0,True,26.74,0.6532,False,False,True,
1.0431239058041175,1.0431239058041175,1.0932154336652906,0.09147327866084351,bull_quiet,0,1.0,0.045820362865924835,False,False,2019-02-28,0,True,26.66,0.6269,False,False,True,
1.0029222974539564,1.0029222974539564,1.0594756444896705,0.09438631319190743,bull_quiet,0,1.0,0.053378619253635406,False,False,2019-03-01,0,True,26.96,0.629,False,False,True,
1.0047672559317968,1.0047672559317968,1.0630906752180571,0.09406535334296709,bull_quiet,0,1.0,0.054862130433321,False,False,2019-03-04,0,True,26.33,0.6983,False,False,True,
1.0293560583051204,1.0293560583051204,1.0832191080775997,0.09231742613687,bull_quiet,0,1.0,0.04972498118877411,False,False,2019-03-05,0,True,25.74,0.6737,False,False,True,
0.1362182205679039,0.1362182205679039,0.6341200369058605,0.15769884908217416,bull_quiet,3,0.375,0.42716115713119507,False,False,2019-03-06,0,True,24.54,0.6717,False,False,True,
0.5309624890763801,0.5309624890763801,0.9536856461883675,0.10485635429208136,bull_quiet,4,0.625,0.10920334607362747,False,False,2019-03-07,0,True,23.26,0.696,False,False,True,
1.0443810325695673,1.0443810325695673,1.0965721833084852,0.09119326709372513,bear_quiet,0,1.0,0.047594815492630005,False,False,2019-03-08,2,False,22.6,0.7021,False,False,True,
1.0170415238502635,1.0170415238502635,1.0719219833109213,0.09329037146073162,bull_quiet,0,1.0,0.05119818449020386,False,False,2019-03-11,0,True,21.39,0.7455,False,False,True,
0.9504655879169923,0.9504655879169923,1.0189477733806025,0.09814045686387451,bull_quiet,0,1.0,0.06720872968435287,False,False,2019-03-12,0,True,20.69,0.724,False,False,True,
1.0660389546606381,1.0660389546606381,1.112479986579189,0.08988925752048284,bull_quiet,0,1.0,0.04174549877643585,False,False,2019-03-13,0,True,20.66,0.7356,False,False,True,
1.0084897976107792,1.0084897976107792,1.0641214918663437,0.093974232044324,bull_quiet,0,1.0,0.052279457449913025,False,False,2019-03-14,0,True,20.63,0.7045,False,False,True,
0.5424264973597565,0.5424264973597565,0.9624184400207865,0.10390490855291612,bull_quiet,4,0.625,0.0982275903224945,False,False,2019-03-15,0,True,20.71,0.6941,False,False,True,
0.948720977337919,0.948720977337919,1.0203767527300478,0.09800301676066912,bull_quiet,0,1.0,0.0702248215675354,False,False,2019-03-18,0,True,20.91,0.6719,False,False,True,
0.5486895505213301,0.5486895505213301,0.970303782983186,0.1030605071872969,bull_quiet,4,0.625,0.09522842615842819,False,False,2019-03-19,0,True,21.56,0.6929,False,False,True,
0.9461630493422427,0.9461630493422427,1.0183423136860346,0.09819880668420407,bull_quiet,0,1.0,0.07087917625904083,False,False,2019-03-20,0,True,21.65,0.7175,False,False,True,
1.06875722054506,1.06875722054506,1.1165652057738953,0.08956037630663016,bull_quiet,0,1.0,0.04281701147556305,False,False,2019-03-21,0,True,22.2,0.775,False,False,False,
1.0899582973473918,1.0899582973473918,1.1368555250683154,0.08796192462009704,bull_quiet,0,1.0,0.04125170409679413,False,False,2019-03-22,0,True,22.05,0.8488,False,False,False,
0.5564355584452452,0.5564355584452452,0.9797520069707231,0.10206664471062238,bull_quiet,4,0.625,0.09130383282899857,False,False,2019-03-25,0,True,21.26,0.8421,False,False,False,
0.540343005586384,0.540343005586384,0.9611952866400162,0.10403713104915764,bull_quiet,4,0.625,0.10054822266101837,False,False,2019-03-26,0,True,21.13,0.8505,False,False,False,
1.0566894078600988,1.0566894078600988,1.1062047649872262,0.09039917668511828,bull_quiet,0,1.0,0.044761475175619125,False,False,2019-03-27,0,True,20.34,0.875,False,False,False,
0.5290457977246092,0.5290457977246092,1.1085711920927845,0.09020620480965039,sideways_quiet,0,1.0,0.045535728335380554,True,False,2019-03-28,4,True,19.61,0.856,True,False,False,
0.522803972851094,0.522803972851094,1.0987901543331435,0.09100918824731377,sideways_quiet,0,1.0,0.048400696367025375,True,False,2019-03-29,4,True,19.47,0.8391,True,False,False,
1.0568246057585764,1.0568246057585764,1.1080083675621117,0.09025202600231653,bull_quiet,0,1.0,0.04619438201189041,False,False,2019-04-01,0,True,20.25,0.8624,False,False,False,
1.0295867218408845,1.0295867218408845,1.08488176655352,0.09217594311468848,bull_quiet,0,1.0,0.050968728959560394,False,False,2019-04-02,0,True,20.99,0.8207,False,False,False,
1.0425021544005102,1.0425021544005102,1.095563738054661,0.09127720873416742,bull_quiet,0,1.0,0.04843313246965408,False,False,2019-04-03,0,True,22.06,0.8053,False,False,False,
0.9234605032471991,0.9234605032471991,1.0022143009067117,0.09977905913887794,bull_quiet,0,1.0,0.07857979834079742,False,False,2019-04-04,0,True,23.05,0.7771,False,False,False,
0.5076750121462813,0.5076750121462813,0.9278339543685357,0.10777790522665007,bull_quiet,4,0.625,0.12454161047935486,False,False,2019-04-05,0,True,24.26,0.7522,False,False,False,
0.4936321073397601,0.4936321073397601,0.7535361752224767,0.13270763008886155,bull_quiet,2,1.0,0.3449125289916992,False,False,2019-04-08,0,True,25.46,0.7323,False,False,True,
0.4334634959920308,0.4334634959920308,0.8722413269265978,0.11464717035634721,bull_quiet,4,0.625,0.204874187707901,False,False,2019-04-09,0,True,26.16,0.7292,False,False,True,
0.2924475665300484,0.2924475665300484,0.7357775105744492,0.13591065038387248,bull_quiet,1,0.625,0.3640521764755249,False,False,2019-04-10,0,True,26.91,0.6994,False,False,True,
0.5246159780036679,0.5246159780036679,0.7752618262825293,0.12898868048167889,bull_quiet,2,1.0,0.32330477237701416,False,False,2019-04-11,0,True,27.74,0.6775,False,False,True,
1.0201550932276797,1.0201550932276797,1.0793454427225257,0.09264874436099106,bull_quiet,0,1.0,0.0548391155898571,False,False,2019-04-12,0,True,28.96,0.6862,False,False,True,
1.0786798723086959,1.0786798723086959,1.2149189863915517,0.08231001500520742,bull_quiet,0,1.0,0.11213843524456024,False,False,2019-04-15,0,True,30.09,0.6665,False,False,True,
1.0889336469135658,1.0889336469135658,1.225221868029256,0.08161787069704195,bull_quiet,0,1.0,0.11123554408550262,False,False,2019-04-16,0,True,31.33,0.6558,False,False,True,
1.008059697102596,1.008059697102596,1.1651226413257287,0.0858278746400598,bull_quiet,0,1.0,0.13480378687381744,False,False,2019-04-17,0,True,32.08,0.6733,False,False,True,
1.012870762641232,1.012870762641232,1.1632205221481946,0.08596822192865333,bull_quiet,0,1.0,0.12925301492214203,False,False,2019-04-18,0,True,32.53,0.6669,False,False,True,
1.0161851952034302,1.0161851952034302,1.16624349461889,0.08574538718664272,bull_quiet,0,1.0,0.12866806983947754,False,False,2019-04-22,0,True,32.99,0.6531,False,False,True,
1.0438228476735039,1.0438228476735039,1.1913146616192265,0.0839408791159178,bull_quiet,0,1.0,0.1238059252500534,False,False,2019-04-23,0,True,34.25,0.6852,False,False,True,
0.9729450159308837,0.9729450159308837,1.1307091228653923,0.08844007532775937,bull_quiet,0,1.0,0.13952669501304626,False,False,2019-04-24,0,True,35.42,0.6622,False,False,True,
0.97213859018579,0.97213859018579,1.1283917471853848,0.08862170451834303,bull_quiet,0,1.0,0.1384742110967636,False,False,2019-04-25,0,True,35.45,0.6703,False,False,True,
1.00142205951015,1.00142205951015,1.1537866633822458,0.0866711352919065,bull_quiet,0,1.0,0.1320561319589615,False,False,2019-04-26,0,True,35.72,0.684,False,False,True,
1.0331863212969927,1.0331863212969927,1.181957261429577,0.0846054280161112,bull_quiet,0,1.0,0.1258682906627655,False,False,2019-04-29,0,True,36.28,0.66,False,False,True,
1.0333185856930422,1.0333185856930422,1.1833089857149843,0.08450878105990005,bull_quiet,0,1.0,0.12675505876541138,False,False,2019-04-30,0,True,35.7,0.681,False,False,True,
0.4463343969483616,0.4463343969483616,0.9196839779227173,0.10873300220568069,bull_quiet,4,0.625,0.22349953651428223,False,False,2019-05-01,0,True,35.39,0.7222,False,False,True,
1.0125313941970278,1.0125313941970278,1.1637292627923617,0.08593063970914556,bull_quiet,0,1.0,0.12992529571056366,False,False,2019-05-02,0,True,33.66,0.7599,False,False,False,
0.5344295917178203,0.5344295917178203,1.0351448952004318,0.09660483325924853,bull_quiet,4,0.625,0.17394429445266724,False,False,2019-05-03,0,True,32.73,0.7931,False,False,False,
0.37337751619047305,0.37337751619047305,0.8226789975678349,0.12155409375423419,bull_quiet,4,0.625,0.27383095026016235,False,False,2019-05-06,0,True,30.62,0.8795,False,False,False,
0.15232536408441577,0.15232536408441577,0.645812977802733,0.15484359007499776,bull_quiet,3,0.375,0.37102383375167847,False,False,2019-05-07,0,True,29.43,1.0045,False,False,False,
0.1810461795226639,0.1810461795226639,0.7224605155148995,0.1384158688987034,bull_quiet,3,0.375,0.3317422866821289,False,False,2019-05-08,0,True,28.32,0.9926,False,False,False,
0.3139397447779049,0.3139397447779049,0.7406358574549128,0.13501911768576186,bull_quiet,4,0.625,0.3217941224575043,False,False,2019-05-09,0,True,28.42,1.0269,False,False,False,
0.45395597263033594,0.45395597263033594,0.9321223119127683,0.10728205807539816,bull_quiet,4,0.625,0.2207787036895752,False,False,2019-05-10,0,True,27.75,1.1182,False,False,False,
0.3793860138096643,0.3793860138096643,0.8324149782317577,0.1201323890307971,bull_quiet,4,0.625,0.2707752287387848,False,False,2019-05-13,0,True,27.79,1.2312,False,False,False,
1.032772054287061,1.032772054287061,1.1931611600897254,0.0838109748665302,bull_quiet,0,1.0,0.13442367315292358,False,False,2019-05-14,0,True,27.12,1.2334,False,False,False,
1.1364448959537017,1.1364448959537017,1.274562659205714,0.07845828471259178,bull_quiet,0,1.0,0.10836482793092728,False,False,2019-05-15,0,True,26.22,1.2384,False,False,False,
1.1038970143292006,1.1038970143292006,1.2446338099683754,0.08034491687361513,bull_quiet,0,1.0,0.11307486146688461,False,False,2019-05-16,0,True,24.59,1.2362,False,False,False,
1.1141622161847113,1.1141622161847113,1.2539007287044006,0.07975112998245525,bull_quiet,0,1.0,0.11144304275512695,False,False,2019-05-17,0,True,22.85,1.2181,False,False,False,
1.0238042755084156,1.0238042755084156,1.1824922399477094,0.08456715115899795,bull_quiet,0,1.0,0.1341978907585144,False,False,2019-05-20,0,True,21.86,1.1867,False,False,False,
0.9575997914260485,0.9575997914260485,1.124437232603729,0.08893337671542731,bull_quiet,0,1.0,0.14837417006492615,False,False,2019-05-21,0,True,20.59,1.1618,False,False,False,
0.48011697719785684,0.48011697719785684,1.1272220752626823,0.08871366361122453,sideways_quiet,0,1.0,0.1481412798166275,True,False,2019-05-22,4,True,19.56,1.106,True,False,False,
0.4595120375441631,0.4595120375441631,1.0909902474016515,0.0916598477742255,sideways_quiet,0,1.0,0.15762393176555634,True,False,2019-05-23,4,True,19.92,1.1403,True,False,False,
0.4758994677887172,0.4758994677887172,1.119549139356415,0.08932167109474631,sideways_quiet,0,1.0,0.14983728528022766,True,False,2019-05-24,4,True,19.86,1.0991,True,False,False,
1.0318033580082724,1.0318033580082724,1.1914004422351585,0.08393483538783345,bull_quiet,0,1.0,0.13395754992961884,False,False,2019-05-28,0,True,20.3,1.1087,False,False,False,
1.083422870467887,1.083422870467887,1.2340076326461744,0.08103677591163887,bull_quiet,0,1.0,0.12202903628349304,False,False,2019-05-29,0,True,21.44,1.1032,False,False,False,
1.058507543976134,1.058507543976134,1.2135777359515953,0.08240098432721132,bull_quiet,0,1.0,0.12777936458587646,False,False,2019-05-30,0,True,22.23,1.0685,False,False,False,
1.0152046300645194,1.0152046300645194,1.1765450298159041,0.08499462193609977,bear_quiet,0,1.0,0.13713066279888153,False,False,2019-05-31,2,False,23.46,1.0759,False,False,False,
0.16244260637288202,0.16244260637288202,0.6736795997501804,0.14843851593113827,bear_quiet,3,0.375,0.3569936156272888,False,False,2019-06-03,2,False,24.98,1.074,False,False,False,
0.9402209328381985,0.9402209328381985,1.11090665988059,0.09001656359747531,bull_quiet,0,1.0,0.15364542603492737,False,False,2019-06-04,0,True,24.82,1.1354,False,False,False,
1.0399186803887965,1.0399186803887965,1.1946028800262738,0.08370982664783182,bull_quiet,0,1.0,0.1294858753681183,False,False,2019-06-05,0,True,23.94,1.1071,False,False,False,
1.042029300404952,1.042029300404952,1.196522082940325,0.08357555738065503,bull_quiet,0,1.0,0.1291182041168213,False,False,2019-06-06,0,True,22.38,1.0894,False,False,False,
0.4869297072870823,0.4869297072870823,0.9746487649055128,0.10260106368645991,bull_quiet,4,0.625,0.20064790546894073,False,False,2019-06-07,0,True,21.45,1.099,False,False,False,
0.9381436939014036,0.9381436939014036,1.109109710033883,0.09016240602288572,bull_quiet,0,1.0,0.15414707362651825,False,False,2019-06-10,0,True,21.01,1.0863,False,False,False,
0.9690904571039292,0.9690904571039292,1.1361905690999394,0.08801340437037547,bull_quiet,0,1.0,0.1470704972743988,False,False,2019-06-11,0,True,20.4,1.076,False,False,False,
0.5165881137562817,0.5165881137562817,1.189412318637854,0.08407513394053512,sideways_quiet,0,1.0,0.13135570287704468,True,False,2019-06-12,4,True,19.73,1.0237,True,False,False,
0.459796419974422,0.459796419974422,1.0939410434747565,0.09141260454252952,sideways_quiet,0,1.0,0.15937623381614685,True,False,2019-06-13,4,True,19.29,0.9802,True,False,False,
0.49709222660132873,0.49709222660132873,1.1545351350084778,0.08661494740847857,sideways_quiet,0,1.0,0.1388876587152481,True,False,2019-06-14,4,True,18.8,0.9395,True,False,False,
0.23237428186281586,0.23237428186281586,0.947223772634354,0.10557167470774814,sideways_quiet,4,0.625,0.21497145295143127,True,False,2019-06-17,4,True,18.43,0.8902,True,False,False,
0.4675268242294237,0.4675268242294237,1.107409656484154,0.09030081994903655,sideways_quiet,0,1.0,0.1556388884782791,True,False,2019-06-18,4,True,18.96,0.9289,True,False,False,
0.5061416256741614,0.5061416256741614,1.1739540092543688,0.08518221260091315,sideways_quiet,0,1.0,0.13771472871303558,True,False,2019-06-19,4,True,19.46,0.9107,True,False,False,
1.0479122646233574,1.0479122646233574,1.2046409901362192,0.08301228400728099,bull_quiet,0,1.0,0.13010409474372864,False,False,2019-06-20,0,True,20.53,0.9224,False,False,False,
0.4341155752517755,0.4341155752517755,0.9045998406355383,0.1105461171977918,bull_quiet,4,0.625,0.23216333985328674,False,False,2019-06-21,0,True,21.53,0.9031,False,False,False,
0.9811772176366688,0.9811772176366688,1.146397184547553,0.08722980250467631,bull_quiet,0,1.0,0.14412105083465576,False,False,2019-06-24,0,True,22.31,0.8595,False,False,False,
1.0874825897429605,1.0874825897429605,1.2381157478665559,0.08076789280187559,bull_quiet,0,1.0,0.12166322767734528,False,False,2019-06-25,0,True,21.82,0.874,False,False,False,
1.0009502469105016,1.0009502469105016,1.1611218944998563,0.0861236020728678,bull_quiet,0,1.0,0.13794559240341187,False,False,2019-06-26,0,True,21.24,0.8565,False,False,False,
0.9546642530859568,0.9546642530859568,1.1218868712597745,0.08913554705182468,bull_quiet,0,1.0,0.14905479550361633,False,False,2019-06-27,0,True,20.7,0.8311,False,False,False,
1.089767841404587,1.089767841404587,1.2410276718569575,0.08057838053713128,bull_quiet,0,1.0,0.12188272178173065,False,False,2019-06-28,0,True,20.68,0.8212,False,False,False,
1.0951427921520638,1.0951427921520638,1.2402308161525437,0.08063015262773504,bull_quiet,0,1.0,0.11698469519615173,False,False,2019-07-01,0,True,21.56,0.8642,False,False,False,
1.1094852012601297,1.1094852012601297,1.2522145714039898,0.0798585180875826,bull_quiet,0,1.0,0.11398155987262726,False,False,2019-07-02,0,True,22.38,0.8445,False,False,False,
1.092339155929374,1.092339155929374,1.2382028319192062,0.08076221231460169,bull_quiet,0,1.0,0.11780273169279099,False,False,2019-07-03,0,True,23.69,0.8433,False,False,False,
0.9291470419442186,0.9291470419442186,1.1015855395931045,0.09077824318294635,bull_quiet,0,1.0,0.15653663873672485,False,False,2019-07-05,0,True,24.39,0.8535,False,False,False,
0.9783854933713279,0.9783854933713279,1.1441248506724098,0.08740304866311517,bull_quiet,0,1.0,0.14486125111579895,False,False,2019-07-08,0,True,25.05,0.8477,False,False,False,
0.9403459457708876,0.9403459457708876,1.1118343246057585,0.08994145781158416,bull_quiet,0,1.0,0.15423914790153503,False,False,2019-07-09,0,True,25.27,0.8369,False,False,False,
1.1334496498971574,1.1334496498971574,1.2715105080614877,0.07864661704798448,bull_quiet,0,1.0,0.10858019441366196,False,False,2019-07-10,0,True,26.05,0.8396,False,False,False,
1.089688222256672,1.089688222256672,1.2362866283820961,0.08088739108249357,bull_quiet,0,1.0,0.11857962608337402,False,False,2019-07-11,0,True,26.78,0.8113,False,False,False,
1.1251945195161746,1.1251945195161746,1.261352970185861,0.07927994967599351,bull_quiet,0,1.0,0.10794635117053986,False,False,2019-07-12,0,True,27.76,0.787,False,False,False,
1.1273902595202774,1.1273902595202774,1.2625977038880587,0.07920179142735552,bull_quiet,0,1.0,0.10708671808242798,False,False,2019-07-15,0,True,28.76,0.751,False,False,False,
1.1615884052059346,1.1615884052059346,1.161598975799071,0.0860882301753145,bull_quiet,0,1.0,9.100036550080404e-06,False,False,2019-07-16,0,True,29.23,0.7338,False,False,True,
1.1299693194487128,1.1299693194487128,1.129987143117302,0.08849658211519949,bull_quiet,0,1.0,1.5773337509017438e-05,False,False,2019-07-17,0,True,28.68,0.7416,False,False,True,
1.1095963928647634,1.1095963928647634,1.109621769253677,0.09012079860983553,bull_quiet,0,1.0,2.2869404347147793e-05,False,False,2019-07-18,0,True,27.63,0.7599,False,False,False,
0.9471960438375888,0.9471960438375888,0.9473231455748047,0.10556060037921197,bull_quiet,0,1.0,0.00013416935689747334,False,False,2019-07-19,0,True,26.96,0.7927,False,False,False,
1.1273770416974205,1.1273770416974205,1.127398927085595,0.08869974735429896,bull_quiet,0,1.0,1.9412284018471837e-05,False,False,2019-07-22,0,True,26.34,0.7729,False,False,False,
1.1258184546337242,1.1258184546337242,1.1258380533388601,0.08882272161918259,bull_quiet,0,1.0,1.7408103303750977e-05,False,False,2019-07-23,0,True,26.34,0.776,False,False,False,
1.1162196631927168,1.1162196631927168,1.1162306300797322,0.08958722087106409,bull_quiet,0,1.0,9.824929293245077e-06,False,False,2019-07-24,0,True,26.81,0.7858,False,False,False,
1.1611778781552398,1.1611778781552398,1.161188059479654,0.08611869471411163,bull_quiet,0,1.0,8.768023690208793e-06,False,False,2019-07-25,0,True,27.25,0.7944,False,False,False,
1.1469388417331314,1.1469388417331314,1.1469472411118777,0.08718796856170791,bull_quiet,0,1.0,7.323247700696811e-06,False,False,2019-07-26,0,True,28.05,0.7991,False,False,False,
1.1628760753551137,1.1628760753551137,1.16288610616709,0.08599294416682234,bull_quiet,0,1.0,8.62579054228263e-06,False,False,2019-07-29,0,True,28.79,0.7706,False,False,False,
0.9940436959421749,0.9940436959421749,0.9941357580555779,0.10058988341349798,bull_quiet,0,1.0,9.260517254006118e-05,False,False,2019-07-30,0,True,28.53,0.7707,False,False,False,
0.4949863625202532,0.4949863625202532,0.7925950749478917,0.1261678291485402,bull_quiet,4,0.625,0.0007783229229971766,False,False,2019-07-31,0,True,26.89,0.8948,False,False,False,
1.0860465883678163,1.0860465883678163,1.086074049282431,0.09207475315893054,bull_quiet,0,1.0,2.5284569346695207e-05,False,False,2019-08-01,0,True,25.85,1.0253,False,False,False,
0.5412827213508736,0.5412827213508736,0.8664866335583569,0.11540858926967523,bull_quiet,4,0.625,0.0005011957255192101,False,False,2019-08-02,0,True,25.88,1.0536,False,False,False,
0.37705075243256364,0.37705075243256364,0.632294528511785,0.158154144138124,bull_volatile,1,0.625,0.04588577523827553,False,False,2019-08-05,1,True,27.69,1.2586,False,True,False,
0.3641403663691787,0.3641403663691787,0.6007621080431097,0.16645523853981845,bull_volatile,1,0.625,0.030190855264663696,False,False,2019-08-06,1,True,29.37,1.2624,False,True,False,
0.6082690173200822,0.6082690173200822,0.9735669658822034,0.1027150709755075,bull_volatile,4,0.625,0.000345675420248881,False,False,2019-08-07,1,True,31.24,1.3261,False,True,False,
1.1204499449213488,1.1204499449213488,1.1204597111413237,0.0892490814311725,bull_volatile,0,1.0,8.71626161824679e-06,False,False,2019-08-08,1,True,31.11,1.3525,False,True,False,
1.157650493588786,1.157650493588786,1.1576638728061008,0.08638085920190859,bull_volatile,0,1.0,1.155708287114976e-05,False,False,2019-08-09,1,True,30.98,1.3357,False,True,False,
0.7180764938816642,0.7180764938816642,0.7217398450285158,0.1385540796851101,bull_volatile,2,1.0,0.0050757224671542645,False,False,2019-08-12,1,True,31.35,1.3345,False,True,False,
0.5613414772015758,0.5613414772015758,0.5733650686867504,0.17440895070402962,bull_volatile,2,1.0,0.020970219746232033,False,False,2019-08-13,1,True,30.81,1.3815,False,True,False,
0.0,0.0,0.44902475653881646,0.2227048699292717,bull_volatile,5,0.0,0.5969737768173218,False,False,2019-08-14,1,True,30.97,1.4619,False,True,False,
0.7603972738363164,0.7603972738363164,0.7634048412875475,0.13099209566360814,bull_volatile,2,1.0,0.003939675632864237,False,False,2019-08-15,1,True,31.35,1.4128,False,True,False,
1.0276006697757587,1.0276006697757587,1.0276507455912285,0.09730932462124373,bull_volatile,0,1.0,4.8728437832323834e-05,False,False,2019-08-16,1,True,30.52,1.3987,False,True,False,
1.0437169695952322,1.0437169695952322,1.043754254893845,0.09580799266793935,bull_volatile,0,1.0,3.5722296161111444e-05,False,False,2019-08-19,1,True,28.74,1.3759,False,True,False,
1.130941320486709,1.130941320486709,1.1309541995160115,0.08842091045136462,bull_volatile,0,1.0,1.138775496656308e-05,False,False,2019-08-20,1,True,27.42,1.316,False,True,False,
1.164720547341979,1.164720547341979,1.164736859224969,0.0858563023982441,bull_volatile,0,1.0,1.400477958668489e-05,False,False,2019-08-21,1,True,26.05,1.2701,False,True,False,
1.0626816464366018,1.0626816464366018,1.0627014310623215,0.0940998074125446,bull_quiet,0,1.0,1.861729469965212e-05,False,False,2019-08-22,0,True,25.08,1.2456,False,False,False,
1.0778550050677267,1.0778550050677267,1.077907635618527,0.09277232732711631,bull_volatile,0,1.0,4.882658686256036e-05,False,False,2019-08-23,1,True,25.48,1.347,False,True,False,
1.0310351505860813,1.0310351505860813,1.03107458547193,0.09698619421817026,bull_volatile,0,1.0,3.824639497906901e-05,False,False,2019-08-26,1,True,25.84,1.3043,False,True,False,
1.123634499019048,1.123634499019048,1.1236506732920333,0.08899563038308288,bull_volatile,0,1.0,1.4394396202987991e-05,False,False,2019-08-27,1,True,25.6,1.2821,False,True,False,
0.9886660518318678,0.9886660518318678,0.9887211302840491,0.1011407533803501,bull_volatile,0,1.0,5.5706761486362666e-05,False,False,2019-08-28,1,True,25.51,1.2598,False,True,False,
1.112922446519306,1.112922446519306,1.1129373472556583,0.08985231760492671,bull_quiet,0,1.0,1.3388656952884048e-05,False,False,2019-08-29,0,True,24.28,1.2493,False,False,False,
1.1095805318362768,1.1095805318362768,1.1096000760011961,0.0901225605178241,bull_quiet,0,1.0,1.761370185704436e-05,False,False,2019-08-30,0,True,22.85,1.2086,False,False,False,
1.0800582728031884,1.0800582728031884,1.0800772969960792,0.09258596609531643,bull_quiet,0,1.0,1.7613732779864222e-05,False,False,2019-09-04,0,True,20.6,1.1571,False,False,False,
1.10372190886963,1.10372190886963,1.103737334264426,0.09060126616686744,bull_quiet,0,1.0,1.3975602996652015e-05,False,False,2019-09-05,0,True,20.02,1.1695,False,False,False,
0.5243292803705315,0.5243292803705315,1.0486881406921218,0.09535723359472835,sideways_quiet,0,1.0,2.8206623028381728e-05,True,False,2019-09-06,4,True,19.49,1.1039,True,False,False,
0.5157439937623622,0.5157439937623622,1.0315255313921659,0.09694379533683298,sideways_quiet,0,1.0,3.639645001385361e-05,True,False,2019-09-09,4,True,19.1,1.0613,True,False,False,
0.5133674661836843,0.5133674661836843,1.0267815692212932,0.09739169751151609,sideways_quiet,0,1.0,4.542042370303534e-05,True,False,2019-09-10,4,True,18.39,1.0263,True,False,False,
0.4710574326415967,0.4710574326415967,0.9422117824022391,0.10613325142787172,sideways_quiet,0,1.0,0.00010286128963343799,True,False,2019-09-11,4,True,18.22,1.0035,True,False,False,
0.5047523605712662,0.5047523605712662,1.009547505660429,0.0990542787132951,sideways_quiet,0,1.0,4.237989560351707e-05,True,False,2019-09-12,4,True,18.52,0.9742,True,False,False,
0.45407827428778497,0.45407827428778497,0.9082927854417661,0.11009665782092834,sideways_quiet,0,1.0,0.00014999223640188575,True,False,2019-09-13,4,True,18.79,0.9306,True,False,False,
0.4992816616743171,0.4992816616743171,0.9986129336965471,0.100138899292874,sideways_quiet,0,1.0,4.967925633536652e-05,True,False,2019-09-16,4,True,18.62,0.8963,True,False,False,
0.4411272512450596,0.4411272512450596,0.8824437107131802,0.11332167568986495,sideways_quiet,0,1.0,0.0002144139289157465,True,False,2019-09-17,4,True,18.47,0.8551,True,False,False,
0.4525279575217516,0.4525279575217516,0.9051989640058158,0.11047295012078419,sideways_quiet,0,1.0,0.0001580304087838158,True,False,2019-09-18,4,True,17.8,0.8613,True,False,False,
0.4620048407839784,0.4620048407839784,0.9241622476347273,0.1082061080247943,sideways_quiet,0,1.0,0.00016508580301888287,True,False,2019-09-19,4,True,17.56,0.8401,True,False,False,
0.5194729429061984,0.5194729429061984,1.0389956685380013,0.09624679200127242,sideways_quiet,0,1.0,4.7914276365190744e-05,True,False,2019-09-20,4,True,16.35,0.866,True,False,False,
0.5480403077872947,0.5480403077872947,1.0961053451862701,0.09123210687655774,sideways_quiet,0,1.0,2.2561345758731477e-05,True,False,2019-09-23,4,True,15.26,0.8399,True,False,False,
0.2048411413379004,0.2048411413379004,0.6566845618966467,0.15228011407970127,sideways_quiet,4,0.625,0.001816564123146236,True,False,2019-09-24,4,True,14.98,0.9005,True,False,False,
0.19272191820500412,0.19272191820500412,0.6188734066201433,0.16158393450145248,sideways_quiet,4,0.625,0.0034954941365867853,True,False,2019-09-25,4,True,14.84,0.9223,True,False,False,
0.4985731576878361,0.4985731576878361,0.997223230285707,0.10027845016341,sideways_quiet,0,1.0,7.712907972745597e-05,True,False,2019-09-26,4,True,14.71,0.9079,True,False,False,
0.21430597329076742,0.21430597329076742,0.6867581080600047,0.14561167727962612,sideways_quiet,4,0.625,0.0014255288988351822,True,False,2019-09-27,4,True,15.11,0.9411,True,False,False,
0.15571958286776752,0.15571958286776752,0.5025100530142106,0.19900099391080656,sideways_quiet,4,0.625,0.008372743614017963,True,False,2019-09-30,4,True,15.47,0.9182,True,False,False,
0.4514597953623935,0.4514597953623935,0.9030806202537051,0.1107320849958077,sideways_quiet,0,1.0,0.00017831135482992977,True,False,2019-10-01,4,True,16.58,0.9795,True,False,False,
0.48132534451034426,0.48132534451034426,0.9627610824468832,0.10386792925389891,sideways_quiet,0,1.0,0.00011466336582088843,True,False,2019-10-02,4,True,18.8,1.0588,True,False,False,
0.38344656968616764,0.38344656968616764,0.6149095107037174,0.16262555426335426,bull_quiet,4,0.625,0.0022686251904815435,False,False,2019-10-03,0,True,21.13,1.1041,False,False,False,
0.7694373692831481,0.7694373692831481,0.7696225480715124,0.1299338230806462,bull_quiet,0,1.0,0.00024060987925622612,False,False,2019-10-04,0,True,21.7,1.111,False,False,False,
0.8691022702290638,0.8691022702290638,0.869214555238762,0.11504639377849729,bull_quiet,0,1.0,0.00012917985441163182,False,False,2019-10-07,0,True,22.02,1.0779,False,False,False,
0.27949245242010096,0.27949245242010096,0.48187832573326256,0.2075212655556409,bull_quiet,1,0.625,0.07198996096849442,False,False,2019-10-08,0,True,23.08,1.0961,False,False,False,
0.5330456455069704,0.5330456455069704,0.5402255036519856,0.18510788425201824,bull_quiet,2,1.0,0.013290483504533768,False,False,2019-10-09,0,True,23.91,1.0933,False,False,False,
0.9609586508843716,0.9609586508843716,0.9609872256942213,0.10405965586874433,bull_quiet,0,1.0,2.9734848794760182e-05,False,False,2019-10-10,0,True,24.02,1.0786,False,False,False,
0.9465265015201508,0.9465265015201508,0.9465548576191236,0.10564628050352068,bull_quiet,0,1.0,2.9957163860672154e-05,False,False,2019-10-11,0,True,22.78,1.1169,False,False,False,
0.9042857311302889,0.9042857311302889,0.9043326607467039,0.11057877741298251,bull_quiet,0,1.0,5.189419607631862e-05,False,False,2019-10-14,0,True,21.76,1.051,False,False,False,
0.39298946790274675,0.39298946790274675,0.9316375206502685,0.10733788386947056,bull_quiet,4,0.625,0.32507747411727905,False,False,2019-10-15,0,True,20.39,1.0526,False,False,False,
0.19650684195230664,0.19650684195230664,0.9316939407608583,0.10733138386446522,sideways_quiet,4,0.625,0.32507675886154175,True,False,2019-10-16,4,True,19.12,0.9959,True,False,False,
0.19622207348073853,0.19622207348073853,0.9303510040110861,0.107486313841618,sideways_quiet,4,0.625,0.325082004070282,True,False,2019-10-17,4,True,18.22,0.9589,True,False,False,
0.19606630472481687,0.19606630472481687,0.9296104436097925,0.10757194122269928,sideways_quiet,4,0.625,0.325080543756485,True,False,2019-10-18,4,True,16.95,0.9387,True,False,False,
0.19606963242126982,0.19606963242126982,0.9296239635285721,0.1075703767579637,sideways_quiet,4,0.625,0.32507890462875366,True,False,2019-10-21,4,True,16.0,0.9174,True,False,False,
0.19627233378026077,0.19627233378026077,0.9305781682155518,0.10746007526885887,sideways_quiet,4,0.625,0.3250739276409149,True,False,2019-10-22,4,True,15.31,0.8922,True,False,False,
0.1961708114454567,0.1961708114454567,0.9300988368510393,0.10751545538811977,sideways_quiet,4,0.625,0.3250753879547119,True,False,2019-10-23,4,True,14.54,0.8562,True,False,False,
0.19630466315151732,0.19630466315151732,0.930729271993914,0.10744262913937223,sideways_quiet,4,0.625,0.32507234811782837,True,False,2019-10-24,4,True,14.17,0.8285,True,False,False,
0.19629607936909407,0.19629607936909407,0.9306891083902747,0.10744726579315039,sideways_quiet,4,0.625,0.3250727355480194,True,False,2019-10-25,4,True,14.16,0.827,True,False,False,
0.19621099349294904,0.19621099349294904,0.9302844625014918,0.10749400213683527,sideways_quiet,4,0.625,0.3250718414783478,True,False,2019-10-28,4,True,14.62,0.8193,True,False,False,
0.19620667067803213,0.19620667067803213,0.9302645009766826,0.1074963087326349,sideways_quiet,4,0.625,0.3250722289085388,True,False,2019-10-29,4,True,15.14,0.7895,True,False,False,
0.19645228064620748,0.19645228064620748,0.9314243101450506,0.10736245437315999,sideways_quiet,4,0.625,0.3250688314437866,True,False,2019-10-30,4,True,15.25,0.7946,True,False,False,
0.19640293363395847,0.19640293363395847,0.9311889468950388,0.10738959083807911,sideways_quiet,4,0.625,0.32506781816482544,True,False,2019-10-31,4,True,15.24,0.7951,True,False,False,
0.1965094572183016,0.1965094572183016,0.9316941628940303,0.10733135827467224,sideways_quiet,4,0.625,0.325067937374115,True,False,2019-11-01,4,True,15.87,0.8079,True,False,False,
0.19592093943036443,0.19592093943036443,0.9289127725143416,0.10765273442125708,sideways_quiet,4,0.625,0.3250744044780731,True,False,2019-11-04,4,True,16.94,0.7929,True,False,False,
0.19597456084923068,0.19597456084923068,0.9291663903527565,0.10762335039048837,sideways_quiet,4,0.625,0.3250739574432373,True,False,2019-11-05,4,True,17.81,0.7616,True,False,False,
0.1959725067203357,0.1959725067203357,0.9291573076453972,0.1076244024312877,sideways_quiet,4,0.625,0.3250744342803955,True,False,2019-11-06,4,True,18.29,0.7373,True,False,True,
0.19596530974573517,0.19596530974573517,0.9291214207433076,0.10762855937601662,sideways_quiet,4,0.625,0.32507315278053284,True,False,2019-11-07,4,True,19.37,0.7498,True,False,True,
0.39287741351617217,0.39287741351617217,0.9313621329395034,0.10736962182946673,bull_quiet,4,0.625,0.32507041096687317,False,False,2019-11-08,0,True,20.04,0.7449,False,False,True,
0.39265455414453404,0.39265455414453404,0.9308369012445613,0.10743020594294933,bull_quiet,4,0.625,0.32507264614105225,False,False,2019-11-11,0,True,20.67,0.7322,False,False,True,
0.3923324941132529,0.3923324941132529,0.9300755530939566,0.10751814695843098,bull_quiet,4,0.625,0.3250741958618164,False,False,2019-11-12,0,True,21.68,0.7263,False,False,True,
0.4097615860741462,0.4097615860741462,0.971329848462341,0.10295163909387169,bull_quiet,4,0.625,0.32502996921539307,False,False,2019-11-13,0,True,22.33,0.7224,False,False,True,
0.4097447430618078,0.4097447430618078,0.971292795875898,0.10295556646214124,bull_quiet,4,0.625,0.32503196597099304,False,False,2019-11-14,0,True,22.97,0.7097,False,False,True,
0.4101275186929308,0.4101275186929308,0.9721926468309152,0.10286027190801425,bull_quiet,4,0.625,0.3250267505645752,False,False,2019-11-15,0,True,24.21,0.7206,False,False,True,
0.40978462465879695,0.40978462465879695,0.9713810296719014,0.10294621466282547,bull_quiet,4,0.625,0.32502758502960205,False,False,2019-11-18,0,True,25.48,0.6995,False,False,True,
0.41020682035664147,0.41020682035664147,0.9723792547134076,0.10284053214347248,bull_quiet,4,0.625,0.3250257968902588,False,False,2019-11-19,0,True,26.78,0.6878,False,False,True,
0.41017882489376445,0.41017882489376445,0.9723127208383276,0.10284756936408283,bull_quiet,4,0.625,0.32502567768096924,False,False,2019-11-20,0,True,26.61,0.72,False,False,True,
0.4101224521676711,0.4101224521676711,0.9721805938885777,0.1028615471535128,bull_quiet,4,0.625,0.3250267207622528,False,False,2019-11-21,0,True,26.45,0.711,False,False,True,
0.41017113179271697,0.41017113179271697,0.9722960301275367,0.10284933487477362,bull_quiet,4,0.625,0.3250267505645752,False,False,2019-11-22,0,True,26.4,0.6962,False,False,True,
0.4101985472506575,0.4101985472506575,0.9723567671452541,0.10284291052304843,bull_quiet,4,0.625,0.3250238001346588,False,False,2019-11-25,0,True,27.08,0.7148,False,False,True,
0.40973289022259746,0.40973289022259746,0.971257365662127,0.10295932214818043,bull_quiet,4,0.625,0.32502686977386475,False,False,2019-11-26,0,True,28.0,0.6949,False,False,True,
0.40993226919668546,0.40993226919668546,0.97172616794681,0.10290965016542991,bull_quiet,4,0.625,0.32502421736717224,False,False,2019-11-27,0,True,29.18,0.6831,False,False,True,
0.40943842353306087,0.40943842353306087,0.9705603712436573,0.10303326095198172,bull_quiet,4,0.625,0.32502758502960205,False,False,2019-11-29,0,True,30.06,0.6733,False,False,True,
0.40924271788730304,0.40924271788730304,0.9700944442718226,0.10308274682993628,bull_quiet,4,0.625,0.32502618432044983,False,False,2019-12-02,0,True,29.09,0.7311,False,False,True,
0.4089995742883392,0.4089995742883392,0.9695235609123292,0.10314344491628366,bull_quiet,4,0.625,0.32502999901771545,False,False,2019-12-03,0,True,27.59,0.8134,False,False,False,
0.4085037393062504,0.4085037393062504,0.9683467851791443,0.10326878916781862,bull_quiet,4,0.625,0.32502901554107666,False,False,2019-12-04,0,True,25.98,0.8272,False,False,False,
0.40893706246933287,0.40893706246933287,0.9693675455765242,0.10316004538869283,bull_quiet,4,0.625,0.3250245451927185,False,False,2019-12-05,0,True,24.54,0.812,False,False,False,
0.40861607277707784,0.40861607277707784,0.9686079364663311,0.10324094634700116,bull_quiet,4,0.625,0.32502543926239014,False,False,2019-12-06,0,True,24.2,0.8486,False,False,False,
0.40783289703539244,0.40783289703539244,0.9667700610412511,0.10343721224910078,bull_quiet,4,0.625,0.32503843307495117,False,False,2019-12-09,0,True,23.74,0.8227,False,False,False,
0.40743637835384067,0.40743637835384067,0.9658383846595477,0.10353699085509985,bull_quiet,4,0.625,0.3250442147254944,False,False,2019-12-10,0,True,22.88,0.8108,False,False,False,
0.40786069636554034,0.40786069636554034,0.9668362156405828,0.10343013468288881,bull_quiet,4,0.625,0.3250386118888855,False,False,2019-12-11,0,True,22.14,0.785,False,False,False,
0.4081480168377724,0.4081480168377724,0.9675111589131191,0.10335798102043373,bull_quiet,4,0.625,0.32503432035446167,False,False,2019-12-12,0,True,22.48,0.8431,False,False,False,
0.4092961686120492,0.4092961686120492,0.9702228179041267,0.10306910758501825,bull_quiet,4,0.625,0.32502734661102295,False,False,2019-12-13,0,True,22.98,0.8579,False,False,False,
0.40934482605975003,0.40934482605975003,0.9703387157178271,0.10305679695159133,bull_quiet,4,0.625,0.325027734041214,False,False,2019-12-16,0,True,23.83,0.8794,False,False,False,
0.4092627457939671,0.4092627457939671,0.970138621388631,0.10307805275998869,bull_quiet,4,0.625,0.325023889541626,False,False,2019-12-17,0,True,24.65,0.8321,False,False,False,
0.4091480306994192,0.4091480306994192,0.9698701203292476,0.10310658912355442,bull_quiet,4,0.625,0.325026273727417,False,False,2019-12-18,0,True,25.41,0.7883,False,False,False,
0.4093476925774264,0.4093476925774264,0.9703396411053796,0.10305669866901782,bull_quiet,4,0.625,0.3250236511230469,False,False,2019-12-19,0,True,26.32,0.7727,False,False,False,
0.4098832270247918,0.4098832270247918,0.9716098727651454,0.10292196775996706,bull_quiet,4,0.625,0.32502418756484985,False,False,2019-12-20,0,True,27.44,0.7962,False,False,False,
0.4095505510982242,0.4095505510982242,0.9708223509699965,0.10300545707470071,bull_quiet,4,0.625,0.32502493262290955,False,False,2019-12-23,0,True,28.48,0.7624,False,False,False,
0.4094883526580065,0.4094883526580065,0.9706765408070328,0.10302093003799055,bull_quiet,4,0.625,0.3250260651111603,False,False,2019-12-24,0,True,29.33,0.7224,False,False,True,
0.40942262065553997,0.40942262065553997,0.9705203399341736,0.10303751079218246,bull_quiet,4,0.625,0.3250257968902588,False,False,2019-12-26,0,True,30.54,0.7241,False,False,True,
0.4094458932349501,0.4094458932349501,0.9705737925146831,0.10303183618929951,bull_quiet,4,0.625,0.3250246047973633,False,False,2019-12-27,0,True,31.9,0.7187,False,False,True,
0.4092744441806685,0.4092744441806685,0.9701689220402014,0.10307483339056726,bull_quiet,4,0.625,0.32502567768096924,False,False,2019-12-30,0,True,31.92,0.7498,False,False,True,
0.4089067163460664,0.4089067163460664,0.969297751288914,0.10316747342808337,bull_quiet,4,0.625,0.3250260353088379,False,False,2019-12-31,0,True,31.68,0.7586,False,False,False,
0.40874578691938884,0.40874578691938884,0.9689109694348302,0.10320865709501711,bull_quiet,4,0.625,0.3250223398208618,False,False,2020-01-02,0,True,32.33,0.8031,False,False,False,
0.40825038567629884,0.40825038567629884,0.9677418590493987,0.10333334149483708,bull_quiet,4,0.625,0.3250259757041931,False,False,2020-01-03,0,True,32.05,0.867,False,False,False,
0.4086024915476511,0.4086024915476511,0.9685843814716981,0.10324345706262247,bull_quiet,4,0.625,0.32503145933151245,False,False,2020-01-06,0,True,31.37,0.9095,False,False,False,
0.40862377987003806,0.40862377987003806,0.9686328776732532,0.10323828800877517,bull_quiet,4,0.625,0.3250300884246826,False,False,2020-01-07,0,True,30.74,0.8824,False,False,False,
0.4085645794747848,0.4085645794747848,0.9684957089822679,0.10325290971612441,bull_quiet,4,0.625,0.3250322937965393,False,False,2020-01-08,0,True,30.93,0.9148,False,False,False,
0.4090009503951194,0.4090009503951194,0.9695219428466707,0.10314361705562237,bull_quiet,4,0.625,0.32502660155296326,False,False,2020-01-09,0,True,31.39,0.9164,False,False,False,
0.4090984068510183,0.4090984068510183,0.9697503479663836,0.10311932365861498,bull_quiet,4,0.625,0.3250247836112976,False,False,2020-01-10,0,True,32.03,0.9172,False,False,False,
0.4091499708679737,0.4091499708679737,0.9698726639181989,0.10310631871611778,bull_quiet,4,0.625,0.3250248432159424,False,False,2020-01-13,0,True,32.77,0.9177,False,False,False,
0.40910544399432924,0.40910544399432924,0.969767457398317,0.10311750434302988,bull_quiet,4,0.625,0.3250250816345215,False,False,2020-01-14,0,True,33.65,0.9028,False,False,False,
1.1344596246740424,1.1344596246740424,1.1345699139562342,0.08813912546940451,bull_quiet,0,1.0,9.720800881041214e-05,False,False,2020-01-15,0,True,34.58,0.8888,False,False,False,
1.1137320525203767,1.1137320525203767,1.1138640520481806,0.08977756290466447,bull_quiet,0,1.0,0.00011850595910800621,False,False,2020-01-16,0,True,35.93,0.9093,False,False,False,
1.1754365133141158,1.1754365133141158,1.1755188103157639,0.08506882163215945,bull_quiet,0,1.0,7.000908954069018e-05,False,False,2020-01-17,0,True,37.47,0.8808,False,False,False,
1.159080115700394,1.159080115700394,1.1591666099573577,0.0862688755360877,bull_quiet,0,1.0,7.461762288585305e-05,False,False,2020-01-21,0,True,38.88,0.8563,False,False,False,
1.0337270024777216,1.0337270024777216,1.0339362922158546,0.09671775790526466,bull_quiet,0,1.0,0.00020242034224793315,False,False,2020-01-22,0,True,40.35,0.8491,False,False,False,
1.0814346723553203,1.0814346723553203,1.0815886524829346,0.09245659130246636,bull_quiet,0,1.0,0.00014236477727536112,False,False,2020-01-23,0,True,40.33,0.8765,False,False,False,
0.9321978569841972,0.9321978569841972,0.9328148319275367,0.10720241207289063,bull_quiet,0,1.0,0.0006614120211452246,False,False,2020-01-24,0,True,38.99,0.9815,False,False,False,
0.8901959539324281,0.8901959539324281,0.8928167279476295,0.11200506987573576,bull_quiet,0,1.0,0.002935399767011404,False,False,2020-01-27,0,True,36.81,1.0989,False,False,False,
0.8939482766574679,0.8939482766574679,0.8947755203205171,0.11175987466015952,bull_quiet,0,1.0,0.0009245264809578657,False,False,2020-01-28,0,True,34.61,1.1443,False,False,False,
0.898137526206025,0.898137526206025,0.8990323966902934,0.11123069687826709,bull_quiet,0,1.0,0.0009953706758096814,False,False,2020-01-29,0,True,32.83,1.1198,False,False,False,
0.9290382135749753,0.9290382135749753,0.9295745392062038,0.10757609614113732,bull_quiet,0,1.0,0.0005769581766799092,False,False,2020-01-30,0,True,30.85,1.1621,False,False,False,
0.834696693243576,0.834696693243576,0.8638191710974226,0.11576496950508393,bull_volatile,2,1.0,0.033713627606630325,False,False,2020-01-31,1,True,29.86,1.2706,False,True,False,
0.9169503344685302,0.9169503344685302,0.9181593449025993,0.10891355684084254,bull_volatile,0,1.0,0.0013167762663215399,False,False,2020-02-03,1,True,28.94,1.2917,False,True,False,
0.936350471928335,0.936350471928335,0.9369481551621618,0.10672949132675602,bull_volatile,0,1.0,0.0006379042752087116,False,False,2020-02-04,1,True,27.04,1.3475,False,True,False,
0.5420440998334567,0.5420440998334567,0.872006573333689,0.11467803461354552,bull_volatile,4,0.625,0.0054311673156917095,False,False,2020-02-05,1,True,26.16,1.3455,False,True,False,
0.9580404543508146,0.9580404543508146,0.9587554701590751,0.10430188208825361,bull_volatile,0,1.0,0.0007457749452441931,False,False,2020-02-06,1,True,25.61,1.2734,False,True,False,
0.920531273592844,0.920531273592844,0.9223994686692287,0.10841289852895598,bull_quiet,0,1.0,0.0020253644324839115,False,False,2020-02-07,0,True,24.67,1.2355,False,False,False,
0.5374210671498505,0.5374210671498505,0.8644902125121073,0.11567510950692167,bull_quiet,4,0.625,0.00534014729782939,False,False,2020-02-10,0,True,24.01,1.2335,False,False,False,
0.9427678482370412,0.9427678482370412,0.9432290553995999,0.10601878666432187,bull_quiet,0,1.0,0.0004889662377536297,False,False,2020-02-11,0,True,23.99,1.198,False,False,False,
0.958891829232053,0.958891829232053,0.9594712086017213,0.10422407582790766,bull_quiet,0,1.0,0.0006038527935743332,False,False,2020-02-12,0,True,24.12,1.1673,False,False,False,
0.9500543185454217,0.9500543185454217,0.9505695525788491,0.10520008738835034,bull_quiet,0,1.0,0.0005420266534201801,False,False,2020-02-13,0,True,23.88,1.145,False,False,False,
0.9512181531064943,0.9512181531064943,0.9518095923674885,0.10506303025510016,bull_quiet,0,1.0,0.000621384009718895,False,False,2020-02-14,0,True,23.66,1.0954,False,False,False,
0.9430782247348174,0.9430782247348174,0.9436715046514418,0.10596907876002508,bull_quiet,0,1.0,0.0006286932621151209,False,False,2020-02-18,0,True,23.01,1.0778,False,False,False,
0.9375197126195278,0.9375197126195278,0.938215609419892,0.10658530831930092,bull_quiet,0,1.0,0.0007417237502522767,False,False,2020-02-19,0,True,22.85,1.0588,False,False,False,
0.942786682432828,0.942786682432828,0.9434708359634444,0.1059916175340841,bull_quiet,0,1.0,0.0007251453935168684,False,False,2020-02-20,0,True,21.23,1.1164,False,False,False,
0.9309452189211169,0.9309452189211169,0.9320663103052717,0.10728850393406866,bull_quiet,0,1.0,0.0012028021737933159,False,False,2020-02-21,0,True,20.09,1.149,False,False,False,
0.3608446218481042,0.3608446218481042,0.7440896941525416,0.13439240025208518,bull_volatile,1,0.625,0.22408360242843628,False,False,2020-02-24,1,True,21.49,1.3795,False,True,False,
0.004444612935313007,0.004444612935313007,0.5275954551716502,0.1895391611504037,bull_volatile,3,0.375,0.9775352478027344,False,False,2020-02-25,1,True,23.85,1.5687,False,True,False,
0.005646303221704447,0.005646303221704447,0.5336603528959537,0.1873851026356772,bull_volatile,3,0.375,0.9717857837677002,False,False,2020-02-26,1,True,26.13,1.6014,False,True,False,
0.002426380057870333,0.002426380057870333,0.5032330132055479,0.19871510289638833,bear_volatile,3,0.375,0.9871424436569214,False,False,2020-02-27,3,False,29.13,1.7542,False,True,False,
0.0028482170458225494,0.0028482170458225494,0.4975987315896014,0.20096514249653638,bear_volatile,3,0.375,0.9847362041473389,False,False,2020-02-28,3,False,32.4,1.8388,False,True,False,
0.0,0.0,0.6647343256576526,0.15043604059571522,bull_volatile,5,0.0,0.49947696924209595,False,False,2020-03-02,1,True,33.21,1.9391,False,True,False,
0.0,0.0,0.643275560099164,0.15545437476994234,bear_volatile,5,0.0,0.6881328225135803,False,False,2020-03-03,3,False,33.2,2.0336,False,True,False,
0.0020150090069910595,0.0020150090069910595,0.44583676356200685,0.22429733968336604,bull_volatile,3,0.375,0.9879477024078369,False,False,2020-03-04,1,True,33.2,2.0543,False,True,False,
0.001973647652010099,0.001973647652010099,0.4325947071360241,0.23116325361918086,bear_volatile,3,0.375,0.9878337383270264,False,False,2020-03-05,3,False,33.47,2.065,False,True,False,
0.001977875755464626,0.001977875755464626,0.425303582563917,0.23512616422640045,bear_volatile,3,0.375,0.9875986576080322,False,False,2020-03-06,3,False,34.41,2.06,False,True,False,
0.0019708601551497755,0.0019708601551497755,0.40943165014376054,0.2442410105933134,bear_volatile,3,0.375,0.9871636033058167,False,False,2020-03-09,3,False,36.13,2.1889,False,True,False,
0.001944655196761062,0.001944655196761062,0.4304705395620581,0.23230393443819786,bear_volatile,3,0.375,0.9879533052444458,False,False,2020-03-10,3,False,37.07,2.1819,False,True,False,
0.0019641302007779478,0.0019641302007779478,0.4115478535103659,0.2429851088932511,bear_volatile,3,0.375,0.9872732162475586,False,False,2020-03-11,3,False,38.07,2.1957,False,True,False,
0.0019330905299071092,0.0019330905299071092,0.4175135356451795,0.23951319289677878,bear_volatile,3,0.375,0.9876533150672913,False,False,2020-03-12,3,False,39.9,2.2861,False,True,False,
0.0019339859459907547,0.0019339859459907547,0.4202347122668289,0.2379622555704175,bear_volatile,3,0.375,0.9877275824546814,False,False,2020-03-13,3,False,40.96,2.3163,False,True,False,
0.0019906944239282266,0.0019906944239282266,0.4091576358342145,0.2444045796581901,bear_volatile,3,0.375,0.9870257377624512,False,False,2020-03-16,3,False,42.34,2.3986,False,True,False,
0.0019528325531684924,0.0019528325531684924,0.41182494135523345,0.2428216214173916,bear_volatile,3,0.375,0.9873549342155457,False,False,2020-03-17,3,False,43.62,2.3552,False,True,False,
0.0019865974075207716,0.0019865974075207716,0.408779411273049,0.24463071583907103,bear_volatile,3,0.375,0.9870404601097107,False,False,2020-03-18,3,False,45.1,2.3538,False,True,False,
0.002077459402449529,0.002077459402449529,0.4720843170273151,0.21182656655424106,bear_volatile,3,0.375,0.9882650375366211,False,False,2020-03-19,3,False,46.47,2.2764,False,True,False,
0.0019134918634116861,0.0019134918634116861,0.4554958994273198,0.21954094455235879,bear_volatile,3,0.375,0.9887976050376892,False,False,2020-03-20,3,False,47.87,2.2116,False,True,False,
0.0018968509798295648,0.0018968509798295648,0.4513713216059493,0.22154708377175278,bear_volatile,3,0.375,0.9887935519218445,False,False,2020-03-23,3,False,49.45,2.1184,False,True,False,
0.002062588035148725,0.002062588035148725,0.47134800295175094,0.21215747043323402,bear_volatile,3,0.375,0.9883308410644531,False,False,2020-03-24,3,False,49.06,2.1063,False,True,False,
0.0025716941068323743,0.0025716941068323743,0.5015437754083869,0.19938439056206814,bear_volatile,3,0.375,0.9863265156745911,False,False,2020-03-25,3,False,47.42,2.0585,False,True,False,
0.0026385279553945867,0.0026385279553945867,0.5009835099359256,0.19960736833990753,bear_volatile,3,0.375,0.9859554767608643,False,False,2020-03-26,3,False,45.32,2.0096,False,True,False,
0.00252767586047812,0.00252767586047812,0.5000455609705247,0.19998177727228048,bear_volatile,3,0.375,0.9865202903747559,False,False,2020-03-27,3,False,43.36,1.9218,False,True,False,
0.002464478978860515,0.002464478978860515,0.4961656500352776,0.20154559267230604,bear_volatile,3,0.375,0.9867545366287231,False,False,2020-03-30,3,False,41.39,1.8342,False,True,False,
0.0024844099968609704,0.0024844099968609704,0.49639649747920206,0.20145186460383877,bear_volatile,3,0.375,0.9866536259651184,False,False,2020-03-31,3,False,39.47,1.7406,False,True,False,
0.00231056312052009,0.00231056312052009,0.4829152767709935,0.20707566070108335,bear_volatile,3,0.375,0.9872410297393799,False,False,2020-04-01,3,False,38.54,1.7094,False,True,False,
0.002365654842648412,0.002365654842648412,0.48223300286513415,0.2073686359205219,bear_volatile,3,0.375,0.9869183301925659,False,False,2020-04-02,3,False,37.67,1.6352,False,True,False,
0.0019209407426744546,0.0019209407426744546,0.4534378395044626,0.2205373951792037,bear_volatile,3,0.375,0.9887029528617859,False,False,2020-04-03,3,False,36.8,1.5685,False,True,False,
0.003750243910221231,0.003750243910221231,0.5230667409422902,0.1911801920723401,bear_volatile,3,0.375,0.9808807373046875,False,False,2020-04-06,3,False,34.53,1.5947,False,True,False,
0.0035061268465944235,0.0035061268465944235,0.520233946590462,0.19222121250523067,bear_volatile,3,0.375,0.9820279479026794,False,False,2020-04-07,3,False,32.4,1.547,False,True,False,
0.002917088932992511,0.002917088932992511,0.5117412584241717,0.1954112519829544,bear_volatile,3,0.375,0.9847991466522217,False,False,2020-04-08,3,False,30.49,1.5094,False,True,False,
0.003176384180856866,0.003176384180856866,0.5149138821169065,0.19420723245774896,bear_volatile,3,0.375,0.983549952507019,False,False,2020-04-09,3,False,29.16,1.4455,False,True,False,
0.003765479755798032,0.003765479755798032,0.5232538376395187,0.19111183293201614,bear_volatile,3,0.375,0.9808099269866943,False,False,2020-04-13,3,False,27.51,1.3849,False,True,False,
0.0034278714756889213,0.0034278714756889213,0.5189965744854089,0.1926794990875444,bear_volatile,3,0.375,0.9823871850967407,False,False,2020-04-14,3,False,26.59,1.3522,False,True,False,
0.0031591406461987655,0.0031591406461987655,0.5148571677937939,0.19422862544287456,bear_volatile,3,0.375,0.9836374521255493,False,False,2020-04-15,3,False,25.73,1.315,False,True,False,
