date,equity,weight,underlying_ret,strategy_ret,cost,drawdown,regime_name,sigma_hat,p_crisis,n_symbols
2018-04-12,0.9996782630777378,0.4596241746602999,-0.0074898494900260265,-0.00032173692226221,0.00032173692226221,0.0,bull_volatile,0.15033721877368844,0.30916800669261385,7
2018-04-13,1.003097459430828,0.4596241746602999,0.007481588555995537,0.0034202967888521535,0.00032173692226221,0.0,bull_volatile,0.15033409131496808,0.30916563102177214,7
2018-04-16,1.00588650305079,0.4596241746602999,0.006205317531164648,0.002780431346665593,0.00032173692226221,0.0,bull_quiet,0.15023375278691548,0.3091642771448408,7
2018-04-17,1.0067922132532443,0.4596241746602999,0.001992422984405973,0.00090040993661548,0.00032173692226221,0.0,bull_quiet,0.15040635836314187,0.3091671424252646,7
2018-04-18,1.0068187059655433,0.4596241746602999,-3.7771819425753625e-05,2.6313982120894685e-05,0.00032173692226221,0.0,bull_quiet,0.15038264443570987,0.30916568636894226,7
2018-04-19,1.0030165383081364,0.4596241746602999,-0.008249520191426196,-0.0037764173777051742,0.00032173692226221,-0.00377641737770519,bull_quiet,0.1504325286612243,0.30916547775268555,7
2018-04-20,1.0017032608267726,0.4596241746602999,-0.002766778813510658,-0.0013093278437652802,0.00032173692226221,-0.005080800653048038,bull_quiet,0.15044223772773452,0.30916414090565275,7
2018-04-23,0.9950427036478537,0.4596241746602999,-0.014518061892420383,-0.006649231802860926,0.00032173692226221,-0.011696249034622741,bull_quiet,0.15000821559451952,0.3091631020818438,7
2018-04-24,0.9944264526047412,0.4596241746602999,-0.0013336386420835108,-0.0006193212018473097,0.00032173692226221,-0.012308326501460819,bull_quiet,0.15016051076308565,0.30916390674454824,7
2018-04-25,0.9994800855180089,0.4596241746602999,0.01114245980273817,0.005081957443942222,0.00032173692226221,-0.00728891944900512,bull_quiet,0.150179893315855,0.3091638513973781,7
2018-04-26,0.9974839157377992,0.4596241746602999,-0.004249200352877762,-0.001997208157654418,0.00032173692226221,-0.009271570117275574,bull_quiet,0.15020867606849073,0.3091640216963632,7
2018-04-27,0.9935633880051845,0.4596241746602999,-0.008625581105659039,-0.003930416992954493,0.00032173692226221,-0.013165545973489767,bull_quiet,0.15003529571817725,0.3091628721782139,7
2018-04-30,0.9945890444659352,0.4596241746602999,0.0023417732736016003,0.001032300981631363,0.00032173692226221,-0.012146835797890583,bull_quiet,0.1505477513284246,0.3091597386768886,7
2018-05-01,0.9916072719766366,0.4596241746602999,-0.006532372633483164,-0.002997994504252494,0.00032173692226221,-0.015108414155176981,bull_quiet,0.150592932040113,0.3091604709625244,7
2018-05-02,0.990659646217485,0.4596241746602999,-0.0020365266356292757,-0.0009556462381146186,0.00032173692226221,-0.016049622094140282,bull_quiet,0.1505753646730114,0.30916028789111544,7
2018-05-03,0.9957116938719779,0.4596241746602999,0.011121040918145825,0.005099680474300664,0.00032173692226221,-0.01103178956425307,bull_quiet,0.15045917345063978,0.3091614970139095,7
2018-05-04,0.9996497414036433,0.4596241746602999,0.008605754537033642,0.003955007815918668,0.00032173692226221,-0.007120412562284502,bull_quiet,0.1505405386428798,0.3091601644243513,7
2018-05-07,1.0008567159144723,0.4596241746602999,0.002573273273469611,0.0012073974121518272,0.00032173692226221,-0.005921612317833761,bull_quiet,0.15041428764612316,0.30915921926498413,7
2018-05-08,1.007600347378113,0.4596241746602999,0.014596527431536301,0.006737859032577918,0.00032173692226221,0.0,bull_quiet,0.15036727515223294,0.30915939807891846,7
2018-05-09,1.012350637695604,0.4596241746602999,0.01026333684425991,0.004714458792964567,0.00032173692226221,0.0,bull_quiet,0.15028158976285894,0.3091617865221841,7
2018-05-10,1.0115557828042507,0.2299477420902656,-0.0013442164625610718,-0.0007851576931511619,0.00016096341946318592,-0.0007851576931511983,sideways_quiet,0.15022493790442823,0.30915963649749756,7
2018-05-11,1.0119836056832372,0.2299477420902656,0.0018424221659131732,0.00042293552788596106,0.00016096341946318592,-0.0003625542363486155,sideways_quiet,0.1502022899161069,0.30915992174829754,7
2018-05-14,1.010555023326933,0.2299477420902656,-0.006138054068879398,-0.0014116655134346838,0.00016096341946318592,-0.0017737079444710626,sideways_quiet,0.15016782874037662,0.3091588744095394,7
2018-05-15,1.011301327501519,0.2299477420902656,0.003209672410940518,0.0007385091928286013,0.00016096341946318592,-0.0010365086512648094,sideways_quiet,0.15024769755170914,0.309161262852805,7
2018-05-16,1.0105396570749015,0.2299477420902656,-0.003280228076775863,-0.0007531587331141307,0.00016096341946318592,-0.0017888867288361771,sideways_quiet,0.15025539411324346,0.3091626252446856,7
2018-05-17,1.0093102582895839,0.2299477420902656,-0.005254368457370036,-0.0012165764863461118,0.00016096341946318592,-0.0030032868976512432,sideways_quiet,0.150257915598878,0.309162369796208,7
2018-05-18,1.0111852267095816,0.2299477420902656,0.008075799305680023,0.0018576730045080797,0.00016096341946318592,-0.0011511930181376808,sideways_quiet,0.150296955861776,0.3091619610786438,7
2018-05-21,1.010815492058756,0.2299477420902656,-0.0016132968730041795,-0.00036564483050113394,0.00016096341946318592,-0.0015164169208629176,sideways_quiet,0.15021756916321444,0.30916076472827364,7
2018-05-22,1.0116427041097318,0.2299477420902656,0.003585273260328145,0.0008183610732864103,0.00016096341946318592,-0.0006992968241553489,sideways_quiet,0.15031637380297921,0.30916196959359304,7
2018-05-23,1.0100703166203848,0.2299477420902656,-0.006737250702971653,-0.0015542913352305943,0.00016096341946318592,-0.002252501248391361,sideways_quiet,0.15031281529186727,0.3091594789709364,7
2018-05-24,1.009004042108123,0.2299477420902656,-0.00457958011731739,-0.0010556438445093067,0.00016096341946318592,-0.003305767253823001,sideways_quiet,0.15028356660343883,0.30915889143943787,7
2018-05-25,1.0055762207537513,0.2299477420902656,-0.01469191696664926,-0.0033972325296240252,0.00016096341946318592,-0.006691769323396826,sideways_quiet,0.15028467055573463,0.30915885737964083,7
2018-05-29,1.0094191532156718,0.2299477420902656,0.016587531611931848,0.0038216222526024405,0.00016096341946318592,-0.0028957204853498945,sideways_quiet,0.15030449480476207,0.30916110958371845,7
2018-05-30,1.007890648467822,0.2299477420902656,-0.006567964575355898,-0.001514241871655017,0.00016096341946318592,-0.004405577535797377,sideways_quiet,0.1503840527554556,0.3091595981802259,7
2018-05-31,1.0106199014037696,0.2299477420902656,0.011779126174379605,0.002707885959748254,0.00016096341946318592,-0.0017096213776029668,sideways_quiet,0.15022657873111148,0.3091605816568647,7
2018-06-01,1.011423571603114,0.2299477420902656,0.003476708531919693,0.0007952249883740013,0.00016096341946318592,-0.000915755922869088,sideways_quiet,0.15017315522897884,0.30915788667542593,7
2018-06-04,1.0113891786205789,0.2299477420902656,-0.00012829734540663898,-3.400452935909326e-05,0.00016096341946318592,-0.0009497293123790068,sideways_quiet,0.14999246934254287,0.30915660091808866,7
2018-06-05,1.0140974853627092,0.2299477420902656,0.011605759514147912,0.0026778087005281084,0.00016096341946318592,0.0,sideways_quiet,0.15005787039862112,0.3091574140957424,7
2018-06-06,1.0137572706203677,0.2299477420902656,-0.001487268395289483,-0.00033548524402437265,0.00016096341946318592,-0.00033548524402443207,sideways_quiet,0.1501589043740066,0.30915917669023785,7
2018-06-07,1.0145764882258639,0.2299477420902656,0.0035157497895897494,0.0008081003502889245,0.00016096341946318592,0.0,sideways_quiet,0.1501084823160473,0.3091593725340707,7
2018-06-08,1.0143843556732475,0.2299477420902656,-0.0008186384722199349,-0.00018937217138991096,0.00016096341946318592,-0.00018937217138983835,sideways_quiet,0.1501698923968833,0.3091606966086796,7
2018-06-11,1.0141597829923137,0.2299477420902656,-0.0009443261474138914,-0.00022138815497082558,0.00016096341946318592,-0.0004107184016050547,sideways_quiet,0.15019118702628567,0.3091601388795035,7
2018-06-12,1.0135028897439684,0.2299477420902656,-0.002815273110624004,-0.0006477216503371347,0.00016096341946318592,-0.0010581740207412274,sideways_quiet,0.15016732459172763,0.3091605603694916,7
2018-06-13,1.0138103538937815,0.2299477420902656,0.0013750560195748616,0.00030336780775309225,0.00016096341946318592,-0.0007551272289209949,sideways_quiet,0.15033713318531242,0.3091589978763035,7
2018-06-14,1.012297627627888,0.2299477420902656,-0.006503839355730223,-0.0014921195666265533,0.00016096341946318592,-0.0022461200554338653,sideways_quiet,0.15029543404927706,0.30916038155555725,7
2018-06-15,1.0126127226479877,0.2299477420902656,0.0013530583610071208,0.000311267172321525,0.00016096341946318592,-0.0019355520265505804,sideways_quiet,0.15041349610718807,0.30915927461215426,7
2018-06-18,1.01170332019416,0.2299477420902656,-0.0039001022351080436,-0.0008980752794114234,0.00016096341946318592,-0.0028318890345349363,sideways_quiet,0.15031556226661458,0.3091586445059095,7
2018-06-19,1.0124106900180707,0.2299477420902656,0.0030559125072919286,0.000699187014405533,0.00016096341946318592,-0.0021346820401686862,sideways_quiet,0.15031932857252547,0.30915941085134235,7
2018-06-20,1.0109156164114623,0.2299477420902656,-0.006438555982891473,-0.0014767461676857586,0.00016096341946318592,-0.003608275824332504,sideways_quiet,0.15034461791012244,0.30916138206209454,7
2018-06-21,1.0105524213997479,0.2299477420902656,-0.0015335334365515045,-0.0003592733219452284,0.00016096341946318592,-0.003966252789035821,sideways_quiet,0.15034102151289533,0.3091586743082319,7
2018-06-22,1.0064825126097567,0.2299477420902656,-0.017539548118786427,-0.004027409863957109,0.00016096341946318592,-0.007977688927387473,sideways_quiet,0.1504502470361361,0.3091586061886379,7
2018-06-25,1.0075102605186284,0.2299477420902656,0.004449547933375723,0.001021128430941761,0.00016096341946318592,-0.006964706741422588,sideways_quiet,0.150341019205416,0.3091559750693185,7
2018-06-26,1.0054387609645594,0.2299477420902656,-0.008936103632844278,-0.002056058022677144,0.00016096341946318592,-0.009006444922928503,sideways_quiet,0.1503807451118066,0.30915954283305574,7
2018-06-27,1.0075053877475908,0.2299477420902656,0.008922434390433118,0.002055447694346515,0.00016096341946318592,-0.006969509505032926,sideways_quiet,0.15034445133387747,0.3091603176934378,7
2018-06-28,1.0070978428745216,0.45963754371353344,-0.0010489751612722778,-0.00040450887709924033,0.0003217462805994733,-0.007371199153668295,bull_quiet,0.15030384196727334,0.30916076047079905,7
2018-06-29,1.0096396264224694,0.45963754371353344,0.005503471739454252,0.0025238695186683632,0.0003217462805994733,-0.004865933579859814,bull_quiet,0.1507544128904481,0.30915930441447664,7
2018-07-02,1.0066096143711494,0.45963754371353344,-0.006525527279548307,-0.0030010827348927764,0.0003217462805994733,-0.007852413245496903,bull_quiet,0.15056393876921326,0.3091577802385603,7
2018-07-03,1.0094152122154005,0.45963754371353344,0.006068492765396582,0.002787175687770485,0.0003217462805994733,-0.005087123613014721,bull_quiet,0.15060840906915127,0.3091577078614916,7
2018-07-05,1.0130217864910624,0.45963754371353344,0.007781737427938811,0.0035729343406135055,0.0003217462805994733,-0.0015323652310532626,bull_quiet,0.1505349239546569,0.3091579037053244,7
2018-07-06,1.0194120544517333,0.45963754371353344,0.013706287794869378,0.006308124904998997,0.0003217462805994733,0.0,bull_quiet,0.15063424826089875,0.3091574822153364,7
2018-07-09,1.0194340458376958,0.45963754371353344,5.0956277437362334e-05,2.1572617143723487e-05,0.0003217462805994733,0.0,bull_quiet,0.15037312462516322,0.3091583847999573,7
2018-07-10,1.016416645228537,0.22984865939870242,-0.006087734891564111,-0.002959878200535628,0.00016089406157909167,-0.0029598782005355773,sideways_quiet,0.15028799901932863,0.30915785687310354,7
2018-07-11,1.0185770078556937,0.22984865939870242,0.009256944745024366,0.0021254695476488118,0.00016089406157909167,-0.0008406997838666895,sideways_quiet,0.15030979828323462,0.30915900213377817,7
2018-07-12,1.0188351492633467,0.30597005616997636,0.001396273188303189,0.00025343337387582614,0.00021417903931898345,-0.0005874794713737019,sideways_quiet,0.15200199403540696,0.02880524762440473,7
2018-07-13,1.0200321839272697,0.34084628675084944,0.005552204380736958,0.0011749051500514259,0.00023859240072559462,0.0,sideways_quiet,0.15464431676872673,0.01325029503953244,7
2018-07-16,1.0211184932536985,0.31287931390411616,0.0028098849345838213,0.0010649755405229987,0.0002190155197328813,0.0,sideways_quiet,0.14794163108997757,0.03061070173446621,7
2018-07-17,1.0213825212038523,0.29026120511239756,0.0006123772789783432,0.0002585673963387565,0.0002031828435786783,0.0,sideways_quiet,0.15330183262304753,0.04736494756902435,7
2018-07-18,1.0204835069198614,0.26977182372700304,-0.0047092333259921145,-0.0008801935272313424,0.00018884027660890209,-0.0008801935272313443,sideways_quiet,0.16654623207419844,0.05950427674023168,7
2018-07-19,1.020554583945853,0.289899571096272,0.0037619934998104156,6.965034271440602e-05,0.0002029296997673904,-0.0008106044902976182,sideways_quiet,0.16853290057960554,0.04063684233863439,7
2018-07-20,1.021994684894698,0.3134246835890447,0.007068377529732476,0.001411096448439702,0.00021939727851233128,0.0,sideways_quiet,0.15211528814107003,0.011420863314664789,7
2018-07-23,1.0230829132053327,0.3226516556623458,0.004453742530698067,0.0010648081900220554,0.0002258561589636421,0.0,sideways_quiet,0.14120904442079601,0.020477596420927772,7
2018-07-24,1.0265246782029436,0.3493922199384111,0.010629671613820025,0.0033641115037566865,0.00024457455395688775,0.0,sideways_quiet,0.13944829081873306,0.005492551784430232,7
2018-07-25,1.0255245796026788,0.3082519152129203,-0.0023712371969447986,-0.000974256753393878,0.00021577634064904425,-0.0009742567533939135,sideways_quiet,0.1498487034070819,0.022063216626910225,7
2018-07-26,1.022230653998226,0.3177166574918261,-0.0103625309716418,-0.003211942131829696,0.00022240166024427828,-0.004183069628910233,sideways_quiet,0.14451580562181307,0.01634768900943787,7
2018-07-27,1.020271886862267,0.27992795902936346,-0.005468196760028024,-0.0019161694362203,0.0001959495713205544,-0.006091223594958028,sideways_quiet,0.15180736998560868,0.053255727042726776,7
2018-07-30,1.0205813937700805,0.2774378855964902,0.0006870759503651072,0.000303357283287798,0.00019420651991754314,-0.005789714128711951,sideways_quiet,0.15963600192602503,0.07101991771820135,7
2018-07-31,1.0198980707770802,0.27321192156437984,-0.0014588301726053837,-0.0006695428675963607,0.00019124834509506587,-0.006455380534508035,sideways_quiet,0.17088193822499478,0.06422733875972751,7
2018-08-01,1.0207655493044228,0.24946496439076984,0.003971667872560965,0.0008505541408484466,0.00017462547507353891,-0.0056103170443041585,sideways_quiet,0.16836584351548442,0.06478934251104615,7
2018-08-02,1.0215195167713838,0.309667330229642,0.00290351407908434,0.000738629421295417,0.00021676713116074937,-0.004875831568240491,sideways_quiet,0.1484714355857091,0.04202134326832103,7
2018-08-03,1.02263143488967,0.31124772271759393,0.0033960310999654984,0.0010884942480595741,0.00021787340590231574,-0.00379264463479755,sideways_quiet,0.1463769917711149,0.02852701851017108,7
2018-08-06,1.0241346856567095,0.31866688851311276,0.005917471098397007,0.0014699829437589949,0.00022306682195917892,-0.0023282368139634388,sideways_quiet,0.15465566660184824,0.02578237439904894,7
2018-08-07,1.0238670853804597,0.32688322128891845,-0.0007576466663522231,-0.0002612940270431257,0.0002288182549022429,-0.0025889224866335807,sideways_quiet,0.1490941205186667,0.021355144754384776,7
2018-08-08,1.0228403045005836,0.33591545733554773,-0.0030901929453283844,-0.0010028458718296825,0.00023514082013488346,-0.0035891720682350386,sideways_quiet,0.13943688923017988,0.003931611768036548,7
2018-08-09,1.0199800267381007,0.3727695445209446,-0.008925314711209262,-0.0027964069756513713,0.0002609386811646612,-0.006375542258078055,sideways_quiet,0.12677921156927763,0.0017210635747427919,7
2018-08-10,1.0173167613535565,0.382232091519574,-0.008137643204705806,-0.0026110956241577016,0.0002675624640637018,-0.008969990731744143,sideways_quiet,0.12928336084638442,0.0012075823532151325,7
2018-08-13,1.020078556411499,0.353913751065682,0.0071655795392069005,0.0027147837948406513,0.0002477396257459774,-0.006279558522381926,sideways_quiet,0.13961426438213342,0.003455047503978546,7
2018-08-14,1.0161314981896787,0.36283286012225685,-0.011035012873488402,-0.003869366919843403,0.0002539830020855798,-0.010124627526207516,sideways_quiet,0.14037327955781284,0.002979192346434242,7
2018-08-15,1.0189565470869089,0.34283760322127216,0.008523416969641753,0.002780200104280989,0.00023998632225489047,-0.007372575912430717,sideways_quiet,0.14055212353586075,0.001082123677146488,7
2018-08-16,1.019582158380669,0.35102805221328,0.001774633069644888,0.0006139724952441251,0.00024571963654929595,-0.006763129976016055,sideways_quiet,0.13792553423815027,0.0015785023029561021,7
2018-08-17,1.0201827835997657,0.3548257546685408,0.0019057936185279199,0.0005890895737627957,0.00024837802826797856,-0.006178024491608102,sideways_quiet,0.14097870486895453,0.0044324209447950125,7
2018-08-20,1.0216459881966187,0.35539227932035555,0.003930430888425321,0.0014342572922962011,0.00024877459552424884,-0.004752628075990969,sideways_quiet,0.14000730824424942,0.002020342310840663,7
2018-08-21,1.0229297194316065,0.3446934873719459,0.00427937481545258,0.0012565323505589932,0.0002412854411603621,-0.0035020675563596773,sideways_quiet,0.1384417168112368,0.0010744076321965881,7
2018-08-22,1.0216549236590835,0.3639704672854371,-0.0038454988455940606,-0.0012462202909025624,0.000254779327099806,-0.004743923499613443,sideways_quiet,0.1358132701330725,0.0014675308359853392,7
2018-08-23,1.0232244751488409,0.33247566883574425,0.004230687750180377,0.001536283390223336,0.00023273296818502099,-0.003214928120267046,sideways_quiet,0.14240519229797713,0.0011286319796844119,7
2018-08-24,1.0271602688114354,0.36983613865675535,0.012732391858798065,0.003846461610510246,0.0002588852970597288,0.0,sideways_quiet,0.13313865797440974,0.0012271266605239362,7
2018-08-27,1.027319122299578,0.35330568425981157,0.0002204495914678577,0.00015465306921033545,0.00024731397898186805,0.0,sideways_quiet,0.13349970648671977,0.002899102820915037,7
2018-08-28,1.029442846808076,0.35510761689458054,0.005069774733739976,0.0020672490781094856,0.0002485753318262064,0.0,sideways_quiet,0.13234577766021585,0.004245846372214146,7
2018-08-29,1.0282958360308632,0.3406261407603764,-0.0035508342829325616,-0.0011142053983563308,0.0002384382985322635,-0.001114205398356371,sideways_quiet,0.139819093266619,0.002914987612582211,7
2018-08-30,1.0282014378339912,0.3343177833404222,-0.0010962616499823983,-9.180062153745174e-05,0.00023402244833829554,-0.0012059037351456864,sideways_quiet,0.1390883557927459,0.004495584583180191,7
2018-08-31,1.027507831998836,0.35222141015509595,-0.0014552769945414862,-0.0006745816623408287,0.0002465549871085672,-0.0018796719169401645,sideways_quiet,0.1402599601363893,0.0015722519310656935,7
2018-09-04,1.025132081166692,0.34187944490183514,-0.005667509926842859,-0.0023121486359109883,0.00023931561143128463,-0.004187474471992502,sideways_quiet,0.13240335307157514,0.0015442414130250523,7
2018-09-05,1.022993628722445,0.34129271824653085,-0.006393756938579203,-0.0020860262628921247,0.00023890490277257158,-0.006264765553160811,sideways_quiet,0.14538905443858055,0.002049953560344875,7
2018-09-06,1.0229740796119873,0.3245355594525261,0.0007127449826748656,-1.9109708906142657e-05,0.0002271748916167682,-0.006283755544220904,sideways_quiet,0.14462824581871853,0.0031856843187207623,7
2018-09-07,1.0233265091698585,0.3376363529044328,0.000239940654500805,0.000344514650854906,0.00023634544703310295,-0.005941405739213335,sideways_quiet,0.14147368139555258,0.004148890423363939,7
2018-09-10,1.0255340389096252,0.36089166871439937,0.006056803134367529,0.0021572095709291336,0.0002526241681000795,-0.0037970130256095368,sideways_quiet,0.14278222872989413,0.0027692308275228633,7
2018-09-11,1.0248291796455362,0.3356980281719967,-0.002642602500903435,-0.0006873094771563025,0.00023498861972039766,-0.004481712779728515,sideways_quiet,0.1501954573295104,0.0026332415384656216,7
2018-09-12,1.0261529868129113,0.3862069626581221,0.0031886531247576253,0.00129173446040348,0.0002703448738606854,-0.0031957675021642836,sideways_quiet,0.137754862799198,0.0007917023675482986,7
2018-09-13,1.026991795717031,0.34005251908786815,0.0023686760845470127,0.0008174306510812677,0.0002380367633615077,-0.0023809491693929023,sideways_quiet,0.14023165371403187,0.002028943463041547,7
2018-09-14,1.024718340283172,0.36791546928320024,-0.005489250654906319,-0.002213703598548633,0.0002575408284982401,-0.004589382052197389,sideways_quiet,0.13299570432150257,0.0012434761468154778,7
2018-09-17,1.0268544129235806,0.3579440086280487,0.005481346618704591,0.002084546120076531,0.0002505608060396341,-0.0025144027106713696,sideways_quiet,0.1372647572227703,0.002379014698297916,7
2018-09-18,1.0290461763401118,0.34923813004784765,0.007507330621612958,0.00213444417139039,0.0002444666910334933,-0.0003853253914913792,sideways_quiet,0.13811731596878699,0.0011149328025307373,7
2018-09-19,1.0323637448084404,0.39784085048497797,0.009052875780636054,0.00322392575241654,0.0002784885953394846,0.0,sideways_quiet,0.13155832204453727,0.0005103056007231187,7
2018-09-20,1.031014685813725,0.3513032973689793,-0.0029787026971386903,-0.0013067671172099782,0.0002459123081582855,-0.0013067671172099361,sideways_quiet,0.13650814016893373,0.0008875630841690249,7
2018-09-21,1.0306116113790271,0.3534787921648642,-0.0008395223243000152,-0.0003909492660423872,0.0002474351545154049,-0.0016972055036070526,sideways_quiet,0.13959163142010494,0.0015443176801324756,7
2018-09-24,1.0304147373309853,0.36312174799339025,-0.0008093300210951518,-0.00019102642146469803,0.00025418522359537315,-0.0018879077139780077,sideways_quiet,0.1372300767044076,0.0012579903954506985,7
2018-09-25,1.027783797638632,0.3748475996131724,-0.007732834872541535,-0.0025532822824023737,0.0002623933197292206,-0.004436369635063369,sideways_quiet,0.1312112513257932,0.0007428051841478529,7
2018-09-26,1.0282472188737763,0.3348192357818248,0.0007970208575072483,0.0004508936959399136,0.00023437346504727737,-0.003987476270224784,sideways_quiet,0.1417209986708538,0.0028493088923694032,7
2018-09-27,1.0269544226423195,0.3369342095243702,-0.005211493105154592,-0.0012572815250332212,0.0002358539466670592,-0.00523974441501199,sideways_quiet,0.14436267535109812,0.0017162462505179324,7
2018-09-28,1.0276820719325193,0.3565668052724994,0.0032809208199171386,0.0007085507147703278,0.00024959676369074957,-0.004534906324892147,sideways_quiet,0.1342383346878267,0.0016226439973771839,7
2018-10-01,1.0272004006554019,0.37090606349652433,-0.0003930970644489007,-0.0004686967791621208,0.0002596342444475671,-0.005001477608065965,sideways_quiet,0.1343572053562065,0.0021603793497238905,7
2018-10-02,1.0282919505443533,0.36479652710737487,0.003400115849079468,0.001062645505448593,0.00025535756897516234,-0.003944146900318204,sideways_quiet,0.13834682871539644,0.0026779879304480608,7
2018-10-03,1.0240342894745458,0.35057939459315174,-0.009744363377307547,-0.004140517746495669,0.00024540557621520627,-0.008068333836578295,sideways_quiet,0.13490811709405673,0.002400319349752473,7
2018-10-04,1.0212515202781385,0.3575143872276335,-0.007020579380123991,-0.002717457047102681,0.00025026007105934345,-0.010763865533038298,sideways_quiet,0.1385194488206887,0.0015939996394860958,7
2018-10-05,1.0205852002852236,0.27098534385793027,-0.0008568169225731516,-0.000652454346147247,0.0001896897407005512,-0.011409296948337106,sideways_quiet,0.14984592532326077,0.024006387476609752,7
2018-10-08,1.020470027387978,0.2749244385790153,-0.00041902708855160516,-0.0001128498602696556,0.00019244710700531072,-0.011520859271040396,sideways_quiet,0.1532308886372203,0.018396832489608123,7
2018-10-09,1.0106739288373068,0.2603312264153584,-0.03558192437387414,-0.00959959458657074,0.00018223185849075086,-0.0210098582793202,sideways_quiet,0.16591132368956404,0.02627136863468747,7
2018-10-10,1.0055679141006462,0.1714039369954136,-0.018707009335445505,-0.005052089097157787,0.00011998275589678952,-0.025955803700532236,sideways_quiet,0.21317037011693502,0.21771725080907345,7
2018-10-11,1.0069814848707945,0.31691411524582147,0.00942235947888392,0.0014057437099238652,0.00022183988067207505,-0.024586547198396296,bear_volatile,0.21628658101449114,0.254874405584165,7
2018-10-12,1.005240427809302,0.37479163618917044,-0.005511771918534983,-0.0017289861707001572,0.00026235414533241935,-0.026273023569005082,bear_volatile,0.2005352544114237,0.1747321587588106,7
2018-10-15,1.0137755410587743,0.35257542407506953,0.023652546957192242,0.008490618774727026,0.0002468027968525487,-0.01800547902146176,bear_volatile,0.19800355108044504,0.1914399473794869,7
2018-10-16,1.0160191359369495,0.39083950834484693,0.00538219916775775,0.002213108116449564,0.0002735876558413929,-0.01583221897677522,bull_volatile,0.18907056267097702,0.08618513707603727,7
2018-10-17,1.0106232923120115,0.4196079161938431,-0.01478022360054553,-0.005310769683449028,0.0002937255413356902,-0.02105890739166058,bull_volatile,0.1876542320738676,0.12253538426011801,7
2018-10-18,1.010595355153392,0.34512028617452284,-0.00027662115847314325,-2.7643493705415013e-05,0.000241584200322166,-0.021085968743592094,bear_volatile,0.20098328969239052,0.21279975585639477,7
2018-10-19,1.0076109310175807,0.3740012233785591,-0.005865253712964771,-0.00295313462563684,0.0002618008563649914,-0.02397683366481713,bear_volatile,0.20136082895132842,0.21223523574216024,7
2018-10-22,1.0034366884627,0.3693333234887457,-0.010345286641670701,-0.004142712654640756,0.00025853332644212195,-0.028020217187216298,bear_volatile,0.18898978620314846,0.13008728171033518,7
2018-10-23,0.990339797947288,0.25382437052035944,-0.03740080602187955,-0.013052034738212372,0.00017767705936425158,-0.040706531077328884,bear_volatile,0.21384919295746438,0.31132127930011066,7
2018-10-24,0.9949975774801382,0.21169458180003967,0.025253636443048868,0.004703213525806568,0.00014818620726002774,-0.03619476905907392,bear_volatile,0.2189464572465416,0.4218267864946808,7
2018-10-25,0.9924451041693813,0.22228608296095106,-0.01411747095228398,-0.0025653060555395077,0.00015560025807266576,-0.038667224454367315,bear_volatile,0.21249811486666112,0.3084926763549447,7
2018-10-26,0.9923682861024521,0.25960299693483685,-0.006266260460552674,-7.740283730196127e-05,0.0001817220978543858,-0.03874163433878593,bear_volatile,0.21723616578243518,0.34487785558615414,7
2018-10-29,0.9971265444912591,0.19784405016639497,0.016046979536370198,0.004794851322279927,0.00013849083511647647,-0.03413254339314257,bear_volatile,0.21961653078876503,0.4658382071980408,7
2018-10-30,1.0000264387378308,0.21358466032155868,0.017911862785537993,0.002908250976360437,0.0001495092622250911,-0.03132355841943085,bear_volatile,0.23846849592546884,0.3898783028125763,7
2018-10-31,1.0024552504536723,0.2850595616852975,0.0081682987331295,0.002428747502823076,0.0001995416931797082,-0.02897088793089853,bear_volatile,0.20814810353147517,0.2181485192850232,7
2018-11-01,1.0028386523264468,0.2957274588612807,0.0008679716013589003,0.0003824628307358833,0.0002070092212028965,-0.02859950538796977,bear_volatile,0.20359724317236452,0.21910322178155184,7
2018-11-02,1.002812160951907,0.31601125293617727,0.0019119608439238933,-2.64163875996865e-05,0.00022120787705532408,-0.028625166279949973,bear_volatile,0.1888318659485822,0.20163495106888668,7
2018-11-05,1.0041305295245995,0.34274546033431147,0.00391417533921863,0.0013146715048219005,0.00023992182223401805,-0.027348127465556944,bear_volatile,0.19366201744551928,0.18808119584407126,7
2018-11-07,1.0028439852928415,0.37506012066038663,-0.002735909494121347,-0.001281251982615439,0.00026254208446227067,-0.02859433960563624,bull_volatile,0.17980515578693876,0.11167173686304263,7
2018-11-08,0.9958382021552391,0.4472052551374923,-0.017847033901911846,-0.006985915297240061,0.0003130436785962446,-0.03538049726841073,bull_volatile,0.17722120089920423,0.08887326341521527,7
2018-11-09,0.9845252956619552,0.41973726199824934,-0.029458299970170524,-0.011360185287931307,0.0002938160833987745,-0.0463387535517937,bull_volatile,0.1792274204906328,0.12033474671521358,7
2018-11-12,0.982261929771993,0.32460071434687554,-0.0036797804636360546,-0.0022989413272925486,0.0002272205000428129,-0.04853116480349085,bear_volatile,0.20131385929330398,0.18647672262574946,7
2018-11-13,0.9784109599446323,0.24167854480495535,-0.011671093942244028,-0.003920512147156764,0.00016917498136346872,-0.05226140992951978,bear_volatile,0.19646257036224027,0.23354724648275546,7
2018-11-14,0.9817839906915048,0.23026708877101473,0.015041604800839029,0.0034474580569531657,0.00016118696213971028,-0.04899412089129583,bear_volatile,0.21046954827656877,0.31729678490332197,7
2018-11-15,0.9822527057793757,0.2520596781514031,0.0017018847263105294,0.0004774116224289824,0.00017644177470598217,-0.04854009963161093,bear_volatile,0.1965269193008811,0.28827934991568327,7
2018-11-16,0.9792423832809775,0.3024757936882616,-0.016231705575024232,-0.003064712859212524,0.00021173305558178313,-0.05145605102329494,bear_volatile,0.18843678717121423,0.2725943633621292,7
2018-11-19,0.9729356856538044,0.22598314477823386,-0.024322911446591138,-0.006440384663541917,0.00015818820134476372,-0.057565038924980015,bear_volatile,0.20874366696796326,0.31082365688468727,7
2018-11-20,0.9739816163008111,0.22401391861897602,0.006460806170207959,0.001075025474375516,0.00015680974303328323,-0.05655189733388236,bear_volatile,0.230770450215055,0.42106907778153463,7
2018-11-21,0.9709577790581452,0.2320550992922599,-0.00998940298179469,-0.0031046142884611277,0.00016243856950458194,-0.05948093979384114,bear_volatile,0.2130916979221887,0.3583967408963612,7
2018-11-23,0.9751962497315224,0.25825020211895555,0.022182427240395097,0.004365247145440853,0.00018077514148326888,-0.055375341651043415,bear_volatile,0.22465072409509926,0.3602311834692955,7
2018-11-26,0.9752251754459963,0.3378803349519287,0.0008920915693519328,2.96614291553526e-05,0.00023651623446635013,-0.05534732273366149,bear_quiet,0.20491355187639518,0.2899034499922501,7
2018-11-27,0.982072621385291,0.3522784209076128,0.024051722055331966,0.0070213998896850914,0.00024659489463532897,-0.048714538529712886,bear_quiet,0.20287101355396894,0.28809171359586927,7
2018-11-28,0.9815852713719739,0.378627173993206,-0.004939395391339954,-0.0004962464106062109,0.0002650390217952442,-0.049186610525429324,bear_quiet,0.18790747420934711,0.17647964600473642,7
2018-11-29,0.9829263664589897,0.44074205633220453,0.00271600687312101,0.0013662542889842524,0.0003085194394325432,-0.047887557654036024,bear_quiet,0.18368512524291256,0.129320853223492,7
2018-11-30,0.9884622714304437,0.4362979378550686,0.01235502031302013,0.005632064781614545,0.000305408556498548,-0.04252519869936228,bear_quiet,0.1897343012567603,0.12286986507076238,7
2018-12-03,0.9730197325221127,0.523114241362255,-0.036403211057924705,-0.015622790423739197,0.00036617996895357857,-0.05748362685609346,bull_quiet,0.171695132761624,0.05765438994525799,7
2018-12-04,0.9706576671372837,0.37967562198383314,-0.0034402161279231155,-0.002427561647394807,0.0002657729353886832,-0.059771643455579206,bear_volatile,0.1962886084704333,0.24113981003340865,7
2018-12-06,0.9633143759157841,0.270132062553187,-0.024558903189818217,-0.007565274009689601,0.00018909244378723095,-0.06688472860451793,bear_volatile,0.20274727445279742,0.2917385037123625,7
2018-12-07,0.9615462839726395,0.24562502841411213,-0.0003345611975543688,-0.0018354256796632262,0.0001719375198898785,-0.06859739233572307,bear_volatile,0.2053337611853479,0.24112679955682584,7
2018-12-10,0.9607997552506599,0.23992378341792353,-0.0010949483696102624,-0.000776383554721197,0.00016794664839254648,-0.06932051800313808,bear_volatile,0.20505942134446048,0.28439746976697017,7
2018-12-11,0.9610676412977002,0.2102236864182789,0.003576833927736878,0.00027881569034165436,0.00014715658049279523,-0.0690610299608783,bear_volatile,0.20417296564624565,0.3568060418058719,7
2018-12-12,0.9616858645821985,0.21199154640901435,-0.00025598494446376144,0.0006432671936217594,0.00014839408248631006,-0.06846218746218802,bear_volatile,0.20578670771324062,0.3445521668930139,7
2018-12-13,0.9584725252625981,0.26568350114842565,-0.019277459662929635,-0.003341360664583035,0.00018597845080389796,-0.07157479126657355,bear_volatile,0.20765469184615779,0.27375597693026066,7
2018-12-14,0.9528464515801396,0.2721045206239022,-0.022861081745606446,-0.005869833025122051,0.0001904731644367315,-0.07702449221815282,bear_volatile,0.20974230804078903,0.27502989808895756,7
2018-12-17,0.9515644091225339,0.23129665537247127,0.0003191968652402096,-0.0013454869412375615,0.0001619076587607299,-0.07826634371095542,bear_volatile,0.2194634360407278,0.3342361514057432,7
2018-12-18,0.9482376856026964,0.18373705615913452,-0.015250745566066147,-0.003496057111788324,0.00012861593931139416,-0.08148877721519944,bear_volatile,0.22710346331529827,0.39395851402410437,7
2018-12-19,0.9445970602187616,0.23230585039129,-0.016197957892092295,-0.003839359518411027,0.00016261409527390302,-0.0850152720211657,bear_volatile,0.22059303284369428,0.3408837694940822,7
2018-12-20,0.93940481714272,0.1888754884763713,-0.028492091561196226,-0.005496780897072892,0.00013221284193345992,-0.09004474259503309,bear_volatile,0.22301369712860902,0.4335253145545721,7
2018-12-21,0.9333886807018812,0.17369986014022504,-0.028745459438022137,-0.006404200118046483,0.00012158990209815752,-0.09587227816192292,bear_volatile,0.22965388050265978,0.5591210685670376,7
2018-12-24,0.9406818109319316,0.14843812476102514,0.05019938580620609,0.007813604750987763,0.00010390668733271759,-0.08880778149906919,bear_volatile,0.22713199040385637,0.6014731537018504,7
2018-12-26,0.9417834611498703,0.15038037340921503,0.007496696014270108,0.001171118868395403,0.00010526626138645051,-0.0877406670992477,bear_volatile,0.22431580603724208,0.5325124370200294,7
2018-12-27,0.9408901177610223,0.14444731191283824,-0.004954195657058658,-0.0009485655946402749,0.0001011131183389868,-0.08860600491582689,bear_volatile,0.23868152619880129,0.5671946789537158,7
2018-12-28,0.9415749996830537,0.16547001778937906,0.009911298484501795,0.0007279085082340008,0.00011582901245256535,-0.08794259347245185,bear_volatile,0.21934323443365036,0.504397895985416,7
2018-12-31,0.9438093049443359,0.14344593492801078,0.010652720011717525,0.0023729445472047256,0.00010041215444960752,-0.08577833182289461,bear_volatile,0.21304471227627136,0.4117966001587255,7
2019-01-02,0.9410226427273071,0.1978382601323267,-0.023648650637524093,-0.0029525691285626544,0.00013848678209262867,-0.0884776344970174,bear_volatile,0.21731789090992587,0.31942094170621466,7
2019-01-03,0.9478279560122352,0.20195737219399085,0.03736323546926885,0.007231827350301407,0.0001413701605357936,-0.08188566212376157,bear_volatile,0.23256553935008745,0.4152272662946156,7
2019-01-04,0.94922184674739,0.2065399549461341,0.00710197840150847,0.0014706157655647765,0.00014457796846229385,-0.08053546870388961,bear_volatile,0.22080798122967865,0.31151170948786394,7
2019-01-07,0.9506006429730778,0.27329306611072407,0.006064638827318751,0.0014525542478950597,0.0001913051462775068,-0.07919989659316651,bear_volatile,0.21303811140056064,0.2668266232524599,7
2019-01-08,0.9517435792479565,0.26070721530878077,0.006431516744149451,0.0012023306351909655,0.00018249505071614655,-0.07809279041995351,bear_volatile,0.21166138329047351,0.3270744187092142,7
2019-01-09,0.9518067546186535,0.2791323605939441,-0.00039890132628228267,6.637856253993477e-05,0.00019539265241576086,-0.07803159554458647,bear_quiet,0.20473028416764733,0.27361376021456507,7
2019-01-10,0.9509836439294846,0.25801191566905807,-0.002123653319266522,-0.0008647876106937238,0.00018060834096834066,-0.07882890239821061,bear_quiet,0.20907497533904795,0.26450325255947454,7
2019-01-11,0.9507646433596928,0.3088364538419261,-0.0018933908916753197,-0.00023028847151027713,0.00021618551768934826,-0.07904103748227682,bear_quiet,0.19952505493851655,0.24435426680637257,7
2019-01-14,0.9532085368404214,0.196239546757687,0.011746595868161184,0.002570450529263111,0.00013736768273038088,-0.07667375802964352,bear_quiet,0.20930357644627695,0.43051497478570255,7
2019-01-15,0.9546136835949367,0.19075706266759251,0.015992473819594843,0.0014741231327752445,0.00013352994386731475,-0.07531266145725658,bear_quiet,0.20716261620764226,0.467990423685738,7
2019-01-16,0.9557447005167745,0.18406126782623744,0.007497933711462285,0.0011847901840024845,0.0001288428874783662,-0.07421710097527968,bear_quiet,0.20593911202291465,0.4645580989973886,7
2019-01-17,0.9581112365792497,0.213003101494956,0.013329699982493821,0.0024761173786215294,0.00014910217104646922,-0.0719247538501738,bear_quiet,0.20233029755090934,0.4063317363283464,7
2019-01-18,0.9546187748379191,0.2622818920530671,-0.017739834235757417,-0.0036451526795570023,0.000183597324437147,-0.07530772982050739,bear_quiet,0.1967760328949172,0.3553593861205237,7
2019-01-22,0.9542061204692147,0.0628561090221491,-0.0006286249652756526,-0.0004322713732238115,4.399927631550436e-05,-0.07570744781794732,sideways_quiet,0.22219369496985034,0.5319239688771111,7
2019-01-23,0.9542957988683874,0.07207725693682877,0.0021056877342949336,9.3982209135852e-05,5.045407985578014e-05,-0.07562058076200535,sideways_quiet,0.22063234218771885,0.5128564818629197,7
2019-01-24,0.9548411313716323,0.08598620077005047,0.009671622827012791,0.0005714501770744961,6.019034053903532e-05,-0.07509234397919773,sideways_quiet,0.21795386207908837,0.46485946966069086,7
2019-01-25,0.9544837009135498,0.14379626567071382,-0.0074586183311541555,-0.0003743350033203599,0.00010065738596949966,-0.07543856928968534,sideways_quiet,0.20247212381092755,0.34290674541677746,7
2019-01-28,0.9542106933716452,0.13606405381566605,-0.0033303469211447465,-0.00028602640531563467,9.524483767096621e-05,-0.07570301827220485,sideways_quiet,0.20354354979648343,0.3849669575159039,7
2019-01-29,0.9560356308131313,0.08642226157518543,0.015365546703551293,0.00191250994582526,6.04955831026298e-05,-0.07393529110175422,sideways_quiet,0.21480663594225227,0.45339880058807985,7
2019-01-30,0.9560341091352973,0.13077652877006793,-0.0005550615804125579,-1.5916538933255904e-06,9.154357013904756e-05,-0.07393676507625363,sideways_quiet,0.20203484715235628,0.3172850395951952,7
2019-01-31,0.9561749396522653,0.1542708440129,0.0018192044871438945,0.00014730700047440828,0.00010798959080903003,-0.07380034947886732,sideways_quiet,0.189977130546046,0.2620470891041415,7
2019-02-01,0.9573457242524246,0.1715126670758877,0.007793758240323937,0.0012244460209184249,0.0001200588669531214,-0.07266626800221053,sideways_quiet,0.18659820159140125,0.2426407209464482,7
2019-02-04,0.9577454703615186,0.3536682194217916,0.005033300118976842,0.0004175566871687776,0.0002475677535952541,-0.07227905360117771,bear_quiet,0.17526796573178008,0.20961545953261002,7
2019-02-05,0.9568230805172769,0.3691943932574628,-0.0040894201173172955,-0.0009630845279732236,0.00025843607528022397,-0.07317252729093113,bear_quiet,0.17870057237131792,0.23818621065999782,7
2019-02-06,0.9530185834796671,0.3747804958483064,-0.011099318568919478,-0.0039761760717070575,0.0002623463470938144,-0.0768577565105177,bear_quiet,0.17510030725377237,0.2327151716287647,7
2019-02-07,0.9523510983264718,0.3169171367360283,-0.0015415257626504237,-0.0007003904905590967,0.0002218419957152198,-0.07750431655929112,bear_quiet,0.17789044027560305,0.2472428409382701,6
2019-02-08,0.9521175667889281,0.4557034294364591,-0.00013891098498686316,-0.0002452158011409794,0.0003189924006055214,-0.07773052707735519,bear_quiet,0.1784926429097828,0.2334996492468885,7
2019-02-11,0.9584244626370025,0.33708617835748794,0.015146717134208143,0.006624072560014621,0.0002359603248502416,-0.07162134716882916,bear_quiet,0.17265367411020585,0.21184367486940964,7
2019-02-12,0.9595735713350292,0.43449924849015253,0.0032862671949431058,0.0011989559353118681,0.0003041494739431068,-0.07050826207280046,bull_quiet,0.170045450453136,0.14135924181235687,7
2019-02-13,0.9589787930423596,0.39577233409194695,-0.002183866289772294,-0.0006198360505511936,0.00027704063386436284,-0.07108439456065724,bull_quiet,0.17198659759486437,0.15578217352075235,7
2019-02-14,0.9649676074822781,0.12349028320837796,0.017494071726309773,0.006244991529915914,8.644319824586456e-05,-0.06528332447268186,bull_quiet,0.21114392153121406,0.52358925981181,7
2019-02-15,0.9650217499874039,0.36547547730490304,0.001429259231236527,5.610810633017845e-05,0.00025583283411343213,-0.06523087929006276,bull_quiet,0.1730761631019703,0.19041248384330953,7
2019-02-19,0.9656973925776836,0.35064451851888395,0.0007700036254604248,0.0007001319817802746,0.00024545116296321876,-0.06457641753307311,bull_quiet,0.16956054733353373,0.22761217265256814,7
2019-02-20,0.9648972231149968,0.32368485213886505,-0.001811769226203882,-0.000828592340454519,0.00022657939649720554,-0.06535150234858576,bull_quiet,0.17267522565443016,0.21281893311866693,7
2019-02-21,0.9667197570063709,0.41911830705838415,0.005389591820831286,0.001888837326622674,0.0002933828149408689,-0.06358610337895003,bull_quiet,0.16420733217603575,0.15765499217169626,7
2019-02-22,0.9687571571518471,0.38214090095544717,0.00509903144153088,0.0021075395746387366,0.000267498630668813,-0.06161257403357942,bull_quiet,0.16665514287398037,0.1961609147755163,7
2019-02-25,0.9681171017517355,0.38855933394519404,-0.000583756264732711,-0.0006606974672510934,0.0002719915337616358,-0.0622325642292157,bull_quiet,0.17012369539663436,0.18217427443180764,7
2019-02-26,0.9681393857546431,0.38842086418271593,0.0005175707720657447,2.301787962137266e-05,0.0002718946049279011,-0.06221097881126619,bull_quiet,0.17169529366420155,0.21098739161555255,7
2019-02-27,0.9667021650658697,0.3535553975584133,-0.004162778032193331,-0.0014845183554360812,0.00024748877829088923,-0.06360314382674731,bull_quiet,0.17261485758308748,0.21347706259361335,7
2019-02-28,0.9687618642391119,0.3435952181796142,0.006759763858980769,0.002130645040090308,0.0002405166527257299,-0.06160801450958555,bull_quiet,0.1696475231610696,0.21970372274518013,7
2019-03-01,0.9676101409675363,0.38702144322929194,-0.00352138491967452,-0.0011888610752450036,0.0002709150102605044,-0.06272363221445697,bull_quiet,0.16521125885846896,0.19499744874026095,7
2019-03-04,0.9668545905983691,0.35820458654364395,-0.0017777670807907365,-0.0007808417224851759,0.00025074321058055077,-0.06345549670792325,bull_quiet,0.1685765458225214,0.25447419192641973,7
2019-03-05,0.9646600201094945,0.3553638684992578,-0.007533010543995955,-0.0022698040741746424,0.00024875470794948046,-0.06558126923714146,bull_quiet,0.16861172601907923,0.2136753715042557,7
2019-03-06,0.9619169669104071,0.3927306474573811,-0.0068821940072263,-0.0028435439863839715,0.00027491145322016677,-0.06823832999976674,bull_quiet,0.17771780322973485,0.16907693884734595,7
2019-03-07,0.9609769234431632,0.4104965618052125,-0.0005752869218461755,-0.000977260511646014,0.00028734759326364884,-0.06914890388612333,bull_quiet,0.17338055095726185,0.1336044446964349,7
2019-03-08,0.9668990376960777,0.3917578925178544,0.014205366007278415,0.0061625977777859334,0.00027423052476249814,-0.0634124429897623,bear_quiet,0.17843193121802425,0.16560602640467031,7
2019-03-11,0.9678558845566204,0.4534270292965587,0.0028399424502532863,0.0009896036951518197,0.0003173989205075911,-0.062485592482511766,bull_quiet,0.17128495627040316,0.14575444095368897,7
2019-03-12,0.9703247206605881,0.36313370663475336,0.005869134493111934,0.0025508302871957472,0.0002541935946443274,-0.0600941523371338,bull_quiet,0.17229958540423054,0.15771098195442132,7
2019-03-13,0.9705800220397921,0.4379297886220714,0.0001713440610178666,0.0002631092187677315,0.00030655085203545,-0.059846854443839984,bull_quiet,0.1712945475289804,0.13892327322225487,7
2019-03-14,0.9727431834573086,0.43485136894986814,0.005097090791935147,0.002228730623334159,0.0003043959582649077,-0.05775150633771497,bull_quiet,0.17017906473988206,0.13830908720514604,7
2019-03-15,0.9756370350232085,0.39168685685237964,0.009044826915144941,0.0029749389305558207,0.00027418079979666575,-0.054948374611661466,bull_quiet,0.1764984273157196,0.20408189868820564,7
2019-03-18,0.9749989821574564,0.45232040434037074,-0.001961239580866467,-0.0006539859013623067,0.0003166242830382595,-0.05556642505072501,bull_quiet,0.16926366659737171,0.12261319892214877,7
2019-03-19,0.9709270597855186,0.4054977820547792,-0.008802830029508402,-0.004176334997732566,0.0002838484474383454,-0.0595106960428193,bull_quiet,0.17395321173846462,0.1404313492987837,7
2019-03-20,0.9733905494895742,0.3428027758171267,0.007667848437400518,0.002537255171979294,0.00023996194307198868,-0.057124434692162676,bull_quiet,0.18618005390601414,0.21140442988170044,7
2019-03-21,0.9645564213296258,0.33826597632286787,-0.025940722505294177,-0.009075625569388174,0.00023678618342600752,-0.06568162028142176,bull_quiet,0.17921803645172796,0.21029822288879327,7
2019-03-22,0.9637950623668262,0.32541386123170596,-0.001540078858179758,-0.0007893358500999534,0.00022778970286219414,-0.06641911127394096,bull_quiet,0.18995900916029865,0.2447614667138883,7
2019-03-25,0.9660601233752634,0.4008081948237863,0.008434086324732047,0.0023501479690865358,0.00028056573637665045,-0.06422505804432328,bull_quiet,0.184103360087092,0.20609202621770756,7
2019-03-26,0.9638723757173654,0.43764964222729386,-0.005693970065662789,-0.0022646081801351173,0.0003063547495591057,-0.06634422163264159,bull_quiet,0.1805500737897458,0.18604095253561223,7
2019-03-27,0.9663093528485365,0.4194436409359628,0.005517579419789621,0.0025283193009419465,0.00029361054865517395,-0.06398364170775932,bull_quiet,0.1854899204607425,0.23790930397808552,7
2019-03-28,0.9685137868013596,0.24659618457727686,0.005089240278560914,0.002281292162105996,0.00017261732920409383,-0.061848314925984214,sideways_quiet,0.17585828233046477,0.1675536230738674,7
2019-03-29,0.9721960989724586,0.23982805918373898,0.016275606686747858,0.003802023493398418,0.00016787964142861732,-0.05828144017896148,sideways_quiet,0.1764742582580305,0.1595078640218292,7
2019-04-01,0.9724043720263007,0.46335663360462853,0.0010633006215846883,0.00021422946878945208,0.00032434964352324,-0.05807969631214182,bull_quiet,0.1708532583771489,0.1498197621798941,7
2019-04-02,0.974341308920497,0.5147915106107142,0.004563365137848204,0.0019919047568245744,0.00036035405742749994,-0.05620348077867626,bull_quiet,0.17180077424284684,0.14379948497350728,7
2019-04-03,0.9753740439360554,0.46367185236197284,0.0035659147090651108,0.0010599314697051128,0.000324570296653381,-0.05520312114695549,bull_quiet,0.17221546909541097,0.13361582146691425,7
2019-04-04,0.9770903315965708,0.49818386257747954,0.003922245695311015,0.0017596199849540457,0.0003487287038042356,-0.05354063767720345,bull_quiet,0.17206655808045726,0.14066764087017095,7
2019-04-05,0.9776052823800624,0.45529378638249735,0.0017373397078774295,0.0005270247456549577,0.0003187056504677481,-0.053041830172502503,bull_quiet,0.16995558576644904,0.1448641181923449,7
2019-04-08,0.9744178055643359,0.38918129581715794,-0.00804222418774517,-0.003260494673234964,0.00027242690707201053,-0.05612938224100134,bull_quiet,0.17192006237921514,0.18010374424713,7
2019-04-09,0.9766468622170563,0.4390930929098536,0.0059287856137666415,0.002287577915747911,0.00030736516503689743,-0.05397020466049259,bull_quiet,0.1738824765980718,0.2030699605654393,7
2019-04-10,0.9769070628372326,0.3943549893995502,0.0013833889840706762,0.000266422419650933,0.0002760484925796852,-0.053718161113356436,bull_quiet,0.17120891555898246,0.18900609415556704,7
2019-04-11,0.9814494647418571,0.34983950937896185,0.011054841276493576,0.004649778957920473,0.0002448876565652733,-0.04931815973063897,bull_quiet,0.17538073554925876,0.22880767352346862,7
2019-04-12,0.97990699362474,0.49616775118045797,-0.008090807971438345,-0.0015716256134724322,0.00034731742582632064,-0.05081227566106943,bull_quiet,0.1697784866787547,0.1685523075450744,7
2019-04-15,0.9813862316812159,0.8258363482721442,0.004432624255421159,0.0015095698531592213,0.000578085443790501,-0.0493794104874185,bull_quiet,0.14311063257803378,0.006918666575594605,7
2019-04-16,0.9845618487385595,0.8317816615671585,0.008699890818201874,0.00323584838958191,0.0005822471630970109,-0.046303346383740736,bull_quiet,0.13736005910527688,0.006714704532766648,7
2019-04-17,0.9839089436837869,0.8682012258006573,-0.001047656120575133,-0.0006631427528997721,0.0006077408580604602,-0.0469357834080511,bull_quiet,0.12822252122548358,0.006285155606227428,7
2019-04-18,0.9862361945017427,0.8863021727394707,0.002948222210395806,0.002365311173249914,0.0006204115209176295,-0.044681489967721456,bull_quiet,0.1259207562019475,0.006124469845547408,7
2019-04-22,0.9946489493328973,0.8929450806972354,0.007826993632813091,0.008530162326282108,0.0006250615564880648,-0.0365324680038442,bull_quiet,0.12510437727608453,0.005138789247991683,7
2019-04-23,0.9905500294032392,0.8338477841715191,-0.006398985764267687,-0.004120971456720689,0.0005836934489200633,-0.040502890202677444,bull_quiet,0.1422163927568306,0.010308034465456981,7
2019-04-24,0.9916220355522792,0.6803522364487897,0.005444354218973948,0.0010822332211589125,0.00047624656551415286,-0.03946449055484893,bull_quiet,0.1601854105309089,0.016628778345225977,7
2019-04-25,0.9924973240147403,0.8571900375779186,0.0022120621277545967,0.0008826835538941723,0.0006000330263045429,-0.038616641657730294,bull_quiet,0.1338794938077706,0.03026457858816554,7
2019-04-26,0.9951020536755671,0.8583489955386698,0.004847689432551276,0.0026244198324792798,0.0006008442968770689,-0.03609356810548139,bull_quiet,0.12958035821395603,0.016503858445503283,7
2019-04-29,0.9940225020263889,0.8875799815255979,-0.0010192760513794625,-0.0010848652609957746,0.0006213059870679186,-0.03713927670829424,bull_quiet,0.12503599672485213,0.01645708275775957,7
2019-04-30,0.9851774378657614,0.9061280955129359,-0.010727116667484148,-0.008898253452609048,0.0006342896668590553,-0.045707055463706375,bull_quiet,0.12254469389480767,0.009064207711032526,7
2019-05-01,0.982270902450466,0.7534980528578968,-0.0041814858107289575,-0.00295026591513502,0.0005274486370005278,-0.048522473411025634,bull_quiet,0.14346445859761503,0.024141746225983036,7
2019-05-02,0.9922341559775437,0.745277540666027,0.012329479591804674,0.010143081203181642,0.0005216942784662188,-0.03887155959583112,bull_quiet,0.14935087387293997,0.03413912518642194,7
2019-05-03,0.9892444296969136,0.7715994807972606,-0.00479343556790525,-0.0030131257451873313,0.0005401196365580823,-0.04176756044404461,bull_quiet,0.14323238613909295,0.04440864869112764,7
2019-05-06,0.9753667146135588,0.7821338957574984,-0.016802019787640936,-0.014028600684268363,0.0005474937270302489,-0.05521022070128742,bull_quiet,0.14909133571743952,0.05050934148935734,7
2019-05-07,0.9730842236562136,0.5247909136099881,-0.002996183930575088,-0.0023401362002081236,0.00036735363952699164,-0.05742115746541095,bull_quiet,0.1941861185495822,0.07439209603346951,7
2019-05-08,0.9717495108070863,0.32064372217745135,-0.0014975714625323556,-0.0013716313723722902,0.00022445060552421595,-0.0587140281767657,bull_quiet,0.20544021087938713,0.09867089321570736,7
2019-05-09,0.9725654813939111,0.48748935838162166,0.0030230388161426023,0.0008396923052188436,0.0003412425508671351,-0.057923637589215364,bull_quiet,0.200625430380329,0.09852586708231163,7
2019-05-10,0.9586388863073072,0.6581904771465755,-0.028248892288798743,-0.014319442086967593,0.0004607333340026028,-0.0714136455022577,bull_quiet,0.17641873753240558,0.06766181234083238,7
2019-05-13,0.9645902210451018,0.42852139214974866,0.00849940491714955,0.006208109041684381,0.000299964974504824,-0.06564888015891553,bull_quiet,0.20421656700000443,0.12490923113987915,7
2019-05-14,0.9672439965193319,0.5187429977986681,0.005366119087566838,0.0027511946693331195,0.00036312009845906765,-0.06307829833872337,bull_quiet,0.17884453415219195,0.04048172403625878,7
2019-05-15,0.9713486852252008,0.6889499879542216,0.010675989858022634,0.004243695200631669,0.00048226499156795507,-0.05910228821001576,bull_quiet,0.16283243114399235,0.05862135230563581,7
2019-05-16,0.9652411255119038,0.6552159694275889,-0.008126073019513175,-0.006287710897432286,0.0004586511785993122,-0.06501838100580674,bull_quiet,0.16114592544205722,0.04935112764048556,7
2019-05-17,0.9604383243211084,0.7238283357710837,-0.005863124977451469,-0.004975752756336645,0.0005066798350397586,-0.0696706183736412,bull_quiet,0.16201097083969848,0.038001024193363264,7
2019-05-20,0.9667949505653304,0.4595426603253272,0.007933742709497522,0.006618463761028241,0.000321679862227729,-0.06351326707552733,bull_quiet,0.18790654578488958,0.08624875681873943,7
2019-05-21,0.9635811629711618,0.5209786791725437,-0.006482348130625597,-0.0033241667142441854,0.00036468507542078063,-0.0666263051014461,bull_quiet,0.17373059915900843,0.07495903618733532,7
2019-05-22,0.9548954054908398,0.287430431941234,-0.01744993862370783,-0.009014038271088463,0.00020120130235886386,-0.07503977130848889,sideways_quiet,0.17061088045991205,0.04101132178246709,7
2019-05-23,0.9561962565633643,0.24126480279749457,0.004415440634479592,0.0013622969228297855,0.0001688853619582462,-0.07377970083520256,sideways_quiet,0.20415724763983722,0.1429424217203632,7
2019-05-24,0.9532910965143424,0.26299514000938123,-0.01022461388273547,-0.0030382466246659605,0.00018409659800656687,-0.07659378653283709,sideways_quiet,0.19318913929937045,0.07148111453612468,7
2019-05-28,0.951448286742517,0.438102949531285,-0.00706446612950815,-0.0019331028880512121,0.0003066720646718995,-0.0783788257509349,bull_quiet,0.20911523314060076,0.15117929892481438,7
2019-05-29,0.9506084255025298,0.4537735032115272,-0.0009397308911511667,-0.0008827187475030057,0.00031764145224806903,-0.07919235803954029,bull_quiet,0.21470371920800188,0.1732089705432632,7
2019-05-30,0.9440071916789528,0.3736762058138775,-0.01624448532374912,-0.006944219771760777,0.0002615733440697142,-0.08558664867283051,bull_quiet,0.21498083530222534,0.15932102927139827,7
2019-05-31,0.9443092411710979,0.37609720085192083,-0.00410866840879884,0.00031996524476467697,0.0002632680405963446,-0.08529406818105702,bear_quiet,0.22826167444570286,0.20816669413553818,7
2019-06-03,0.9536529058124749,0.27534585886298285,0.02740809939822632,0.00989470846413548,0.00019274210120408798,-0.07624331965529328,bear_quiet,0.2359312112188942,0.23686325417033263,7
2019-06-04,0.9538676611818393,0.42110716412493554,0.003612608746578439,0.00022519238189848398,0.0002947750148874548,-0.0760352966881517,bull_quiet,0.21971866052068842,0.20395709392947278,7
2019-06-05,0.9563188411116212,0.4514809149905758,0.007852460941455372,0.002569727468006283,0.00031603664049340306,-0.07366095921058291,bull_quiet,0.197365801432337,0.11632425099378452,7
2019-06-06,0.9594751251776144,0.5612604339706394,0.008051797489525187,0.003300451617500686,0.00039288230377944745,-0.07060362202505556,bull_quiet,0.1756678117359447,0.05824846723615857,7
2019-06-07,0.9637826318710422,0.3837090517046899,0.00982269916681075,0.0044894407164859295,0.00026859633619328286,-0.06643115208402028,bull_quiet,0.2096351511012198,0.1658611481211015,7
2019-06-10,0.9634222583255192,0.3636286982294733,-4.9531816942167666e-05,-0.00037391579138895025,0.0002545400887606313,-0.06678022821860487,bull_quiet,0.23012578054000965,0.18738451174327306,7
2019-06-11,0.9604393064440105,0.337195107704895,-0.008314964446142208,-0.0030962040327915884,0.00023603657539342652,-0.06966966703947526,bull_quiet,0.2269790327653014,0.16749219277075358,7
2019-06-12,0.9625144569784773,0.2096465227431558,0.006354107683453539,0.0021606264139167543,0.00014675256592020904,-0.06765957074841289,sideways_quiet,0.2037405922990719,0.12430880212091974,7
2019-06-13,0.962171989646366,0.19754149770206025,-0.0019939323354380067,-0.0003558048709069242,0.00013827904839144213,-0.06799130201448407,sideways_quiet,0.2239322357871314,0.1819384920277766,7
2019-06-14,0.9622329170934674,0.24825532306795733,0.001834476219260861,6.332282352537794e-05,0.00017377872614757014,-0.06793228459217746,sideways_quiet,0.19741550079336292,0.1202239711502833,7
2019-06-17,0.9652708246672588,0.20968464699106065,0.013903456282339802,0.003157143680937117,0.00014677925289374244,-0.06498961289427208,sideways_quiet,0.20675492844145413,0.17486930791554706,7
2019-06-18,0.9653921548920045,0.19016691977627592,0.0005782160747529972,0.00012569552673223492,0.00013311684384339313,-0.06487208627116482,sideways_quiet,0.20943488851347536,0.1499274188619373,7
2019-06-19,0.9667432497454359,0.21208608860629669,0.0075075889011026005,0.0013995295555126516,0.00014846026202440768,-0.0635633471177164,sideways_quiet,0.1946715392861793,0.1379781112773344,7
2019-06-20,0.9659566402832598,0.6502289990131455,-0.0011308255844865046,-0.0008136694643415049,0.00045516029930920174,-0.06432529702745687,bull_quiet,0.16108819056224996,0.022812165802211633,7
2019-06-21,0.96298423259337,0.6407969070180014,-0.0026529566899424254,-0.0030771647151969644,0.00044855783491260106,-0.06720452220834636,bull_quiet,0.1430491302810217,0.011754094581452332,7
2019-06-24,0.9543404613806141,0.5748626392692866,-0.012835380624263782,-0.008976025692007053,0.0004024038474885006,-0.07557731838239228,bull_quiet,0.16773758264260527,0.10658712643531285,7
2019-06-25,0.9561222071847414,0.509945679494466,0.0029820371461229595,0.001866991787762714,0.0003569619756461262,-0.07385142882739064,bull_quiet,0.1841077839519323,0.06691728808384921,7
2019-06-26,0.9565525706709178,0.5980909213499986,0.004617596681465215,0.0004501134718371615,0.000418663644944999,-0.07343455687858322,bull_quiet,0.16364108527451143,0.04274500742654449,7
2019-06-27,0.9616235693406555,0.642828399756661,0.01152921499926303,0.005301327731711616,0.00044997987982966267,-0.06852252979971805,bull_quiet,0.1560462220882172,0.00850248773349449,7
2019-06-28,0.9669356764198593,0.6575591233839725,0.009399751652613919,0.005524102412387953,0.00046029138636878087,-0.06337695285949965,bull_quiet,0.1508004611719247,0.010041613921722663,7
2019-07-01,0.9658476829674378,0.7606452753586828,-0.0010253854564154616,-0.0011251973414093586,0.0005324516927510779,-0.06443083862204489,bull_quiet,0.1369825868357792,0.004732061447741996,7
2019-07-02,0.9697871281928466,0.8066032154805285,0.0043026595293679136,0.004078743775939385,0.00056462225083637,-0.06061489172811385,bull_quiet,0.129726278393822,0.003851071559308496,7
2019-07-03,0.969846697585776,0.7526838418064893,0.0010623359477513817,6.142522538996104e-05,0.0005268786892645424,-0.06055718978611041,bull_quiet,0.14256600702636976,0.008700020954295593,7
2019-07-05,0.9659203634647983,0.7969038449027307,-0.004874281450082356,-0.004048406960348984,0.0005578326914319115,-0.06436043659783015,bull_quiet,0.13708517480518592,0.004476285015178811,7
2019-07-08,0.9673915909829164,0.799822364733276,0.0024707427674920076,0.001523135419612286,0.000559875655313293,-0.06293533083882162,bull_quiet,0.12643832110713019,0.00567436035791096,7
2019-07-09,0.9713790835383771,0.7530165004197086,0.004138308391011516,0.0041219011955738755,0.000527111550293796,-0.05907284285867601,bull_quiet,0.13345798906958004,0.004829391528151713,7
2019-07-10,0.9735324852736859,0.8475196240052164,0.005253031902686084,0.0022168500143781356,0.0005932637368036514,-0.056986948476838405,bull_quiet,0.12935502980379895,0.005578400936688662,7
2019-07-11,0.9784129163567304,0.8474760352088051,0.006422460315057235,0.005013115799286952,0.0005932332246461636,-0.052259514849313855,bull_quiet,0.13081296574459078,0.0047596256217730115,7
2019-07-12,0.9756786171001213,0.8195643435566774,-0.0045935103901745674,-0.002794627105691411,0.0005736950404896743,-0.05490809609827716,bull_quiet,0.13543462389427832,0.004673270144199445,7
2019-07-15,0.9727018618787161,0.7639814399352828,-0.0011190217091714063,-0.0030509587575595623,0.0005347870079546979,-0.057791532519184716,bull_quiet,0.12756624776499173,0.004218274513147792,7
2019-07-16,0.9675850993951458,0.7379116675554199,-0.0072891150902480535,-0.005260360531938952,0.000516538167288794,-0.06274788875437945,bull_quiet,0.13984656234426224,0.0033139739493890374,7
2019-07-17,0.9688652455831758,0.7287989620686594,0.001827153899690882,0.0013230321434572632,0.0005101592734480615,-0.06150787408467841,bull_quiet,0.14260824624102567,0.0021773572613191,7
2019-07-18,0.9655381384671766,0.6562815755119712,-0.004257549790583285,-0.003434024629499961,0.0004593971028583798,-0.06473067915966339,bull_quiet,0.14514319788488367,0.002467309222993208,7
2019-07-19,0.9684498820283202,0.7436805135077643,0.0046215706077274935,0.0030156691332422184,0.000520576359455435,-0.06191021633753686,bull_quiet,0.13654236992873825,0.0025132165867814494,7
2019-07-22,0.9752240174006449,0.7219859491717452,0.010518094732051163,0.006994822858708033,0.0005053901644202217,-0.055348444475254235,bull_quiet,0.14214040833158456,0.004876315230441313,7
2019-07-23,0.9800528567188517,0.7210882291670012,0.007712331578925306,0.004951518043082485,0.0005047617604169008,-0.05067098525364743,bull_quiet,0.13488264932032504,0.0026127859280547583,7
2019-07-24,0.9748758379309379,0.7456085100034989,-0.007839071809451746,-0.0052823873247470595,0.0005219259570024492,-0.05568570880815814,bull_quiet,0.13443215130163833,0.002582092008716635,7
2019-07-25,0.9799821988902016,0.7024354260834199,0.007061381275624166,0.005237960323338579,0.000491704798258394,-0.050739428018133734,bull_quiet,0.13860198782950658,0.002760185477589922,7
2019-07-26,0.9783563029780813,0.7464564472304195,-0.0026446970524383806,-0.0016591075980375211,0.0005225195130612937,-0.0523143534456263,bull_quiet,0.1290975155547122,0.002053942085694871,7
2019-07-29,0.9777223526694593,0.7518535696715511,0.0002748910449669639,-0.000647974880615876,0.0005262974987700858,-0.05292842993931375,bull_quiet,0.13107607995697965,0.001469790858144344,7
2019-07-30,0.9682040424911293,0.7231680224713201,-0.011144087472763325,-0.009735187246504356,0.000506217615729924,-0.06214834900969538,bull_quiet,0.13775344827044297,0.002200568581494216,7
2019-07-31,0.9597241843537234,0.6664785896197104,-0.015346080484909883,-0.008758337876371331,0.0004665350127337973,-0.07036237064698118,bull_quiet,0.13983977532126096,0.00195334837280825,7
2019-08-01,0.9536165939853424,0.6340137077600823,-0.008929324617497346,-0.006363901700043005,0.00044380959543205764,-0.0762784931368448,bull_quiet,0.14110768672766152,0.0017100501884540012,7
2019-08-02,0.9342824926744292,0.6215700314225042,-0.03145295775354952,-0.020274501757684717,0.000435099021995753,-0.09500648645135305,bull_quiet,0.1542759085299226,0.015777796486093263,7
2019-08-05,0.9421398481274755,0.41200698164547106,0.013464057940314774,0.00841004248142793,0.0002884048871518297,-0.08739545255699221,bull_volatile,0.19711893064124508,0.09032255609469887,7
2019-08-06,0.9414825664702003,0.418434989189441,-0.0028152391356964083,-0.0006976476566420932,0.00029290449243260866,-0.08803212898095666,bull_volatile,0.1859176235945985,0.1482631335966289,7
2019-08-07,0.9497797959413554,0.4330909896875725,0.01969312193384568,0.008812940108134836,0.0003031636927813007,-0.07999501075312247,bull_volatile,0.1901034125257414,0.06865208353182035,7
2019-08-08,0.9454390594439396,0.6378791793509071,-0.00865177549657449,-0.004570255669750923,0.00044651542554563495,-0.08419966877142715,bull_volatile,0.1661885962475489,0.03032561599892298,7
2019-08-09,0.9366134256385794,0.6234189162359731,-0.016198045127532704,-0.009334957887768072,0.00043639324136518113,-0.09274862629704986,bull_volatile,0.1722392027025342,0.046685119866326986,7
2019-08-12,0.9458817428241457,0.3896940274396669,0.015520219846360104,0.009895563027240584,0.0002727858192077669,-0.08377086314702169,bull_volatile,0.19205166370886734,0.06778571693160172,7
2019-08-13,0.9329432870856496,0.567323789616719,-0.035561010448365335,-0.01367872446704107,0.0003971266527317033,-0.09630370905870851,bull_volatile,0.18080931561699246,0.03124601546941059,7
2019-08-14,0.9324377448293316,0.2548160969969707,-0.0005267435551054681,-0.0005418788722914866,0.00017837126789787953,-0.09679340298573783,bull_volatile,0.22268658936423483,0.23616423446219414,7
2019-08-15,0.9366056321572921,0.269013771982312,0.017947093095884152,0.0044698826823268084,0.0001883096403876184,-0.09275617545918047,bull_volatile,0.2278096617840535,0.27532769792846273,7
2019-08-16,0.9399885669937674,0.5190414163465965,0.013416097508728183,0.0036119095597187583,0.0003633289914426175,-0.08947929281632569,bull_volatile,0.18641085127951515,0.09012788422738335,7
2019-08-19,0.9358529669707841,0.4670709041362396,-0.008606683131561524,-0.004399628004210301,0.0003269496328953677,-0.09348524521806437,bull_volatile,0.20923331961024144,0.06912258606670159,7
2019-08-20,0.939191704629167,0.4469604897121279,0.007495986686355917,0.003567587832936896,0.0003128723427984896,-0.09025117420852653,bull_volatile,0.1943526109557505,0.06177243750010218,7
2019-08-21,0.9388497945546681,0.489793202566755,0.0005086650763790586,-0.00036404716184537574,0.00034285524179672846,-0.09058236568654802,bull_volatile,0.2035074880521291,0.06955238704436592,7
2019-08-22,0.9254209403525746,0.36257929312390713,-0.02977342727243009,-0.014303517218601755,0.000253805505186735,-0.10359023647785064,bull_quiet,0.213484606312788,0.07681817002594471,7
2019-08-23,0.9292489423643988,0.24327851301947676,0.011856107914592314,0.004136498154413554,0.0001702949591136337,-0.09988223914544286,bull_volatile,0.2404225393873194,0.23444444539823703,7
2019-08-26,0.9278419495739018,0.30214959742994685,-0.006741857647693697,-0.0015141182586843414,0.0002115047182009628,-0.10124512388211881,bull_volatile,0.22768777617261088,0.19113595969974995,7
2019-08-27,0.9294917233811928,0.22044633121060545,0.007128192015686768,0.001778076328677164,0.00015431243184742382,-0.09964706911161042,bull_volatile,0.23731199628327282,0.2504905217460224,7
2019-08-28,0.9327734071373603,0.3041339463065354,0.01604906564458919,0.0035306218157916927,0.0002128937624145748,-0.09646826341190379,bull_volatile,0.2212761121123574,0.2065267548231142,7
2019-08-29,0.9327797408801793,0.35314162959454776,0.0006924501789823462,6.7902266194184266e-06,0.00024719914071618347,-0.09646212822665455,bull_quiet,0.2138520403369525,0.09096537219981353,6
2019-08-30,0.9295800168659051,0.3273432187545669,-0.011275111256769346,-0.0034303103659338225,0.00022914025312819683,-0.09956154355421237,bull_quiet,0.21196210463750792,0.08679851384035178,7
2019-09-04,0.9350541060794971,0.4294667356301153,0.018480154828453058,0.0058887767747504375,0.0003006267149410807,-0.09425906248480229,bull_quiet,0.1949763193501545,0.025508644791053876,7
2019-09-05,0.9348896934104701,0.44571933588578877,9.090497157058047e-05,-0.00017583225180013172,0.00031200353512005204,-0.09441832095339324,bull_quiet,0.17867779115741036,0.007597755058668554,7
2019-09-06,0.9369467924101074,0.2526276982927628,0.007915207202709686,0.002200365469997815,0.000176839388804934,-0.09242571029655644,sideways_quiet,0.1793006847513827,0.010311956617182918,7
2019-09-09,0.9376147077472999,0.26259635540961734,0.005265433788371835,0.0007128636787094082,0.0001838174487867321,-0.09177873354969625,sideways_quiet,0.18634481947891582,0.012006082663512123,7
2019-09-10,0.9391863116167773,0.2818756512193382,0.006170585778834005,0.001676172372821864,0.00019731295585353675,-0.09025639815446301,sideways_quiet,0.16719987396037747,0.008027372869297065,7
2019-09-11,0.9402702104055989,0.30994767012240043,0.004831773250848679,0.0011540828219222985,0.0002169633690856803,-0.08920647869121932,sideways_quiet,0.15476114910081087,0.0021539691816932255,7
2019-09-12,0.9412362475633076,0.28536920505161595,0.004274642668029933,0.0010274037686379659,0.00019975844353613116,-0.08827072599497565,sideways_quiet,0.1671618388036655,0.003097573555091263,7
2019-09-13,0.9408136346428762,0.29435526045407584,-0.002481395998235092,-0.00044899771075062537,0.00020604868231785309,-0.08868009035182824,sideways_quiet,0.16212452458305981,0.001340605123134862,7
2019-09-16,0.9406911524742068,0.3042901119673598,-0.0008820929582676473,-0.00013018749320725857,0.00021300307837715185,-0.08879873280637522,sideways_quiet,0.1587806089876749,0.0014074004107637198,7
2019-09-17,0.9411447856583495,0.29435276030424923,0.001827312527648714,0.0004822339223128845,0.00020604693221297447,-0.08835932064527993,sideways_quiet,0.15944881198207356,0.0012693075124324033,7
2019-09-18,0.9411057093016012,0.276668499559488,-0.0005028866835953728,-4.152002682669213e-05,0.00019366794969164159,-0.08839717199074297,sideways_quiet,0.16233144876742908,0.0015438671907759272,7
2019-09-19,0.9390870451902557,0.3661463486320694,-0.006879883719676274,-0.002144991887089452,0.0002563024440424486,-0.09035255266107069,sideways_quiet,0.13455130931377976,0.0007000948592446678,7
2019-09-20,0.9388054316860288,0.34931992351312957,-0.0007885967543783123,-0.00029988008637657926,0.00024452394645919077,-0.09062533781615097,sideways_quiet,0.141750146104947,0.0007763732607730032,7
2019-09-23,0.934357773119129,0.3557755478619661,-0.015250484554549441,-0.004737572255959547,0.0002490428835033763,-0.09493356598598568,sideways_quiet,0.14023134716536914,0.0010311467214835699,7
2019-09-24,0.9371067748504338,0.34592621994054984,0.008831809016558414,0.0029421296749401727,0.0002421483539583849,-0.0922707431726808,sideways_quiet,0.1579338729257517,0.004770804512580591,7
2019-09-25,0.9353732233391865,0.32289656790462656,-0.005422562234214889,-0.0018498975333136997,0.00022602759753323858,-0.09394994928580229,sideways_quiet,0.14069637073155644,0.0008663206622908806,7
2019-09-26,0.933881716195653,0.29784343408615566,-0.0031926208408270995,-0.0015945583071203806,0.0002084904038603089,-0.0953946989208355,sideways_quiet,0.15248764048723729,0.0031996960169635713,7
2019-09-27,0.934451018233779,0.3193360567047197,0.0005459305061371818,0.0006096082921990842,0.00022353523969330377,-0.09484324402813038,sideways_quiet,0.15527061983485865,0.0021128491958474376,7
2019-09-30,0.9297771664794895,0.31077419808702056,-0.01692371584442461,-0.005001708664327523,0.00021754193866091437,-0.09937057441704938,sideways_quiet,0.14676797862286223,0.0018399066359831653,7
2019-10-01,0.9246810946419309,0.27708260659752515,-0.018466278148853488,-0.005480960407808653,0.0001939578246182676,-0.10430688864077695,sideways_quiet,0.1786721508331917,0.013243282534988663,7
2019-10-02,0.9259529148968947,0.25779650830153605,0.004600445322591898,0.0013754150077613942,0.00018045755581107528,-0.10307493889306497,sideways_quiet,0.1718240801355135,0.008596092825298132,7
2019-10-03,0.9293521332779989,0.5127744218266417,0.014953842019355994,0.003671048847535426,0.0003589420952786492,-0.09978228318116278,bull_quiet,0.166039425207337,0.0067504314611142036,7
2019-10-04,0.927006113987877,0.5416411509371012,-0.004915162412924299,-0.002524359934320135,0.0003791488056559709,-0.10205475671766538,bull_quiet,0.16849353270521905,0.006399539914907239,7
2019-10-07,0.9186526543083847,0.5739968516639621,-0.01644863127820384,-0.009011223932015571,0.0004017977961647735,-0.1101463423835707,bull_quiet,0.17413888818784326,0.005864290968539925,7
2019-10-08,0.9233370678388998,0.563520002398597,0.008301278355803932,0.005099221679212005,0.0003944640016790179,-0.1056087813213268,bull_quiet,0.17426736985129504,0.01631698653675682,7
2019-10-09,0.9276461433192167,0.5543545079639566,0.009393442687889322,0.004666849875747447,0.0003880481555747696,-0.10143479177356671,bull_quiet,0.1762330550825553,0.017016939421799698,7
2019-10-10,0.9345035598139658,0.5614374108714012,0.013604413454319187,0.007392276186491383,0.0003930061876099809,-0.09479234958278486,bull_quiet,0.17516665606779622,0.022221018940659372,7
2019-10-11,0.9344644857996629,0.5325214700528219,0.000756699270477999,-4.181259011006821e-05,0.0003727650290369753,-0.09483019865923627,bull_quiet,0.16773247346977685,0.013214605193102866,7
2019-10-14,0.9400120928733757,0.62759368525911,0.012078574812189102,0.005936669780409567,0.000439315579681377,-0.08945650445347722,bull_quiet,0.16104415244836948,0.003668190041935304,7
2019-10-15,0.9380287950437379,0.606150042282403,-0.0037500732792297648,-0.00210986416523153,0.0004243050295976821,-0.09137762754561546,bull_quiet,0.14988967091462319,0.004830383745554302,7
2019-10-16,0.9394467307168171,0.2872356941389113,0.0016868398858051234,0.0015116120961008643,0.00020106498589723794,-0.09000414297662546,sideways_quiet,0.15066057987932563,0.0018041644237070744,7
2019-10-17,0.9377508780385654,0.325858509608339,-0.005863748175113678,-0.0018051610834365333,0.00022810095672583735,-0.09164683208381252,sideways_quiet,0.14477081942085243,0.004318435867649636,7
2019-10-18,0.941314464114298,0.27343317580228904,0.012359144437133275,0.0038001415505857007,0.00019140322306160235,-0.08819496146780804,sideways_quiet,0.16545589803098207,0.07519984502661307,7
2019-10-21,0.9411233925360595,0.27156463190889435,-0.001202946175681558,-0.00020298379077633716,0.00019009524233622608,-0.08838004311097826,sideways_quiet,0.16074242626408,0.06975162947284323,7
2019-10-22,0.9420642024615515,0.2709245572869614,0.0046776985630060785,0.000999666922481687,0.00018964719010087299,-0.08746872679420212,sideways_quiet,0.16904636973159265,0.03949720832419449,7
2019-10-23,0.9422959752071769,0.2717900259127823,0.002552149717244659,0.0002460264863262713,0.0001902530181389476,-0.08724421993139246,sideways_quiet,0.15718068993191148,0.006337147093810407,7
2019-10-24,0.9438229096726801,0.3124147492295578,0.006887033263123689,0.0016204403984294844,0.00021869032446069045,-0.08576515359146927,sideways_quiet,0.1421383843668371,0.0019346734666864254,7
2019-10-25,0.9465215304740424,0.3443282782014072,0.008512194198241205,0.002859244858019041,0.00024102979474098502,-0.08315113230785375,sideways_quiet,0.13470194648845457,0.0021575618281661135,7
2019-10-28,0.9455884865653869,0.3336566411486821,-0.002620971076710517,-0.0009857608925052629,0.00023355964880407748,-0.0840549260659624,sideways_quiet,0.1407245815605085,0.001749792743274676,7
2019-10-29,0.9452389255374816,0.31894886975660514,-0.0010872083833532008,-0.000369675638897541,0.00022326420882962358,-0.0843935286463641,sideways_quiet,0.139791591471478,0.003393312223904234,7
2019-10-30,0.9438802058254063,0.34409981934822537,-0.005210211025645396,-0.0014374352085666715,0.00024086987354375778,-0.08570965362547925,sideways_quiet,0.13264006963466554,0.003413377225764894,7
2019-10-31,0.9483915946582757,0.3272745833170661,0.015516666192336563,0.004779620130845287,0.00022909220832194622,-0.08133969308051019,sideways_quiet,0.13207433075905434,0.0029894514778529163,7
2019-11-01,0.9510290920032585,0.34225310645981344,0.009985247293692236,0.0027810214259997787,0.00023957717452186935,-0.07878487908375156,sideways_quiet,0.13870829425311124,0.0024416201111827312,7
2019-11-04,0.951569134082049,0.36411777467169715,0.002322580621307856,0.0005678502196531505,0.000254882442270188,-0.0782617668749915,sideways_quiet,0.13354826228067151,0.0010001507679200067,7
2019-11-05,0.9499843576913225,0.3497682010282361,-0.004597896720791105,-0.0016654348422674794,0.0002448377407197653,-0.07979686184388793,sideways_quiet,0.1315661872040716,0.002505929413018748,7
2019-11-06,0.9521418449149427,0.3340561208346732,0.008483814251348974,0.0022710765773695423,0.00023383928458427114,-0.07770701005039966,sideways_quiet,0.1391931245397296,0.0014753229334019125,7
2019-11-07,0.9522143372837194,0.33865042076942325,-0.0012966987182291144,7.613610216142461e-05,0.00023705529453859624,-0.077636790257094,sideways_quiet,0.13779189913205606,0.0021394350374716203,7
2019-11-08,0.9508982184407307,0.7028385007653044,-0.004471873510978467,-0.001382166589449835,0.0004919869505357131,-0.07891164986893834,bull_quiet,0.14689048540342614,0.0009720847260073892,7
2019-11-11,0.9507941046614864,0.7015539455899379,-0.00023152374018439378,-0.00010948992986353148,0.0004910877619129565,-0.07901249976779222,bull_quiet,0.1425806550374179,0.0033154975182177232,7
2019-11-12,0.9490615966067989,0.7588391417474512,-0.002939355511521784,-0.0018221695382769148,0.0005311873992232157,-0.08069069513584921,bull_quiet,0.14121653274612136,0.0006494429549742822,7
2019-11-13,0.9493268565645521,0.7069062520150207,0.0003554161591919523,0.0002794970934462699,0.0004948343764105145,-0.08043375085716148,bull_quiet,0.13815521126040334,0.004822636129184892,7
2019-11-14,0.9544220745155719,0.7112187667440896,0.007640017268829528,0.005367190357869552,0.0004978531367208627,-0.07549826375133978,bull_quiet,0.14063538309266063,0.001838962803178999,7
2019-11-15,0.9546316206585528,0.6946791195041778,-0.00032073943413554143,0.00021955290911224862,0.0004862753836529246,-0.07529528670566706,bull_quiet,0.14200228846556817,0.0030568773571368574,7
2019-11-18,0.9547373806216842,0.697689163672731,-0.0005613803789404427,0.00011078615126796181,0.0004883824145709118,-0.07519284222942184,bull_quiet,0.13666038717780415,0.0023133979411795735,7
2019-11-19,0.9514999142709567,0.694352329154774,-0.004655914021070585,-0.003390949612362922,0.0004860466304083418,-0.07832881670257447,bull_quiet,0.1396209638517876,0.0015319859719186621,7
2019-11-20,0.9517086863960263,0.6692987906090118,0.0025560098519096797,0.00021941370875433661,0.0004685091534263083,-0.07812658940999516,bull_quiet,0.15129225061571863,0.003195195213525689,7
2019-11-21,0.9532120699560832,0.7036182026971932,0.0026192832941838847,0.0015796677928305997,0.0004925327418880352,-0.0766703356742193,bull_quiet,0.13717184231631505,0.0014518945790769067,7
2019-11-22,0.9601807783569084,0.72997724473972,0.008749327844113305,0.007310763911273548,0.000510984071317804,-0.06992009048605814,bull_quiet,0.13862860209727362,0.0011057854894066363,7
2019-11-25,0.9610506447602676,0.7187887245324781,0.0010968083869256668,0.0009059402385119646,0.0005031521071727346,-0.06907749367099798,bull_quiet,0.14125951086512656,0.0009330298718331116,7
2019-11-26,0.9639144736132915,0.7565090517171305,0.0035663423135959167,0.002979893795022947,0.0005295563362019914,-0.06630344347074096,bull_quiet,0.13519550355014287,0.0008876594794336208,7
2019-11-27,0.9599887151173409,0.7985798596843219,-0.0055454042417931925,-0.00407272491846166,0.0005590059017790253,-0.07010613270279949,bull_quiet,0.12965284362146964,0.0022540323151848236,7
2019-11-29,0.9535846055273055,0.7858887253006729,-0.007951263407770755,-0.00667102590810409,0.0005501221077104711,-0.07630947878332622,bull_quiet,0.13871280908131914,0.0004681690779112354,7
2019-12-02,0.9473465575737471,0.7484001337300852,-0.009339113579618983,-0.006541682738375284,0.0005238800936110596,-0.08235196912157025,bull_quiet,0.13577025249974553,0.001411774125114919,7
2019-12-03,0.9535490892512609,0.7015024155309855,0.009967770217249912,0.0065472678693203525,0.0004910516908716898,-0.07634388165365483,bull_quiet,0.14895075985833264,0.00089099456155444,7
2019-12-04,0.9545684734358663,0.7316838718689768,0.0018234526729696088,0.0010690421668860695,0.0005121787103082837,-0.07535645431544033,bull_quiet,0.15184622437911693,0.015140102205415522,7
2019-12-05,0.9638278011675223,0.7405295340283741,0.01542281840272255,0.009700014183715942,0.0005183706738198619,-0.06638739880741863,bull_quiet,0.14815299744541263,0.010386413001599846,7
2019-12-06,0.9613940538214722,0.7396574272162326,-0.0038914269028040155,-0.0025250852310982896,0.0005177601990513628,-0.06874485019825728,bull_quiet,0.14355799139311992,0.0012871780926226556,7
2019-12-09,0.9603055016736544,0.7396546062612769,-0.001502916694036429,-0.0011322642817385676,0.0005177582243828938,-0.0697992771415629,bull_quiet,0.1478974784340045,0.00043804588936576953,7
2019-12-10,0.9611020457451158,0.7131599205655038,0.0006612205171820718,0.0008294694449560384,0.0004992119443958527,-0.06902770406427582,bull_quiet,0.15441174788274084,0.007013235783363468,7
2019-12-11,0.9701396860120811,0.7138569282607722,0.014922714754919032,0.009403413827881955,0.0004996998497825406,-0.06027338630329877,bull_quiet,0.1508891987608209,0.0045602544660141575,7
2019-12-12,0.9687927361996437,0.7407374075983656,-0.0029925927422497266,-0.0013884081146852962,0.000518516185318856,-0.06157811035934103,bull_quiet,0.14134237188888735,0.0011913531950215525,7
2019-12-13,0.973961517599112,0.7494790060976488,0.007856534914717436,0.005335280918542197,0.0005246353042683542,-0.05657136595799885,bull_quiet,0.1384782059162944,0.0011297936816845322,7
2019-12-16,0.9748415868077168,0.7780826520336827,0.002204201455439265,0.0009035975166392956,0.0005446578564235778,-0.05571888618715205,bull_quiet,0.1354644596365863,0.0003333065604757784,7
2019-12-17,0.974896881005595,0.7777100121094321,-8.955476674151849e-05,5.672121360689993e-05,0.0005443970084766024,-0.05566532541639053,bull_quiet,0.13290731853122945,0.001773907830024005,7
2019-12-18,0.9765142421623251,0.7715751990669322,0.001305540745150078,0.0016590074173402538,0.0005401026393468525,-0.054098667186804825,bull_quiet,0.13333431267878826,0.0006828276633054234,7
2019-12-19,0.9786314726036034,0.789298253491219,0.0026415000702008713,0.0021681511132802984,0.0005525087774438534,-0.052047810159012574,bull_quiet,0.12938388754484278,0.0015494487709344998,7
2019-12-20,0.9796282665986361,0.8001590474777321,0.0013405720316993692,0.0010185591031328701,0.0005601113332344126,-0.0510822648267153,bull_quiet,0.12790081234806563,0.001896342125421922,7
2019-12-23,0.9801338531012496,0.7949895366142374,0.0007331922042063335,0.0005161003615881823,0.0005564926756299663,-0.05059252804047504,bull_quiet,0.12888075451982337,0.0018316908916468882,7
2019-12-24,0.9845358069971838,0.783762257123403,0.005717433100579791,0.004491176263329711,0.000548633579986382,-0.04632857173818254,bull_quiet,0.13151922370741156,0.0017671595646139135,7
2019-12-26,0.9835668244132644,0.8193925103969181,-0.0013266265632909345,-0.0009842024810400075,0.0005735747572778428,-0.04726717752397485,bull_quiet,0.12539801953693835,0.0010354224676640505,7
2019-12-27,0.9792430368652084,0.7976801757279446,-0.0052266377537230554,-0.004396028252208787,0.0005583761230095612,-0.051455417928386045,bull_quiet,0.13127551826810382,0.0010295785528536985,7
2019-12-30,0.9811857310543515,0.7894824536702434,0.0024013324786432205,0.001983873375665862,0.0005526377175691705,-0.049573625586382085,bull_quiet,0.1307447321148125,0.0009641252041287121,7
2019-12-31,0.9903433310344931,0.8042387902681722,0.013109259802307722,0.009333197263581474,0.0005629671531877206,-0.04070310874946925,bull_quiet,0.12878850697475377,0.0014058695084843617,7
2020-01-02,0.9824734787929073,0.7997241556174525,-0.010397074625579638,-0.007946589828968845,0.0005598069089322166,-0.04832624766844219,bull_quiet,0.13293165499873635,0.00045654046828401206,7
2020-01-03,0.9857110995314862,0.7870278455749625,0.00445407642385109,0.003295377237619371,0.0005509194919024738,-0.045190123647368914,bull_quiet,0.1395242088792224,0.0005255457066855992,7
2020-01-06,0.9820362691806916,0.7085229996275724,-0.004892816581355549,-0.003728100812237143,0.0004959660997393005,-0.04874975112293123,bull_quiet,0.14200152683629513,0.0038528995391970966,7
2020-01-07,0.9848810571643313,0.7717188664461766,0.004837868797876283,0.002896825782222032,0.0005402032065123236,-0.04599414487663914,bull_quiet,0.14108068048590264,0.0009479127072284298,7
2020-01-08,0.9906225402327703,0.7752431765822918,0.008606219677577564,0.0058296207716390875,0.0005426702236076043,-0.04043265252734671,bull_quiet,0.14065071757152045,0.0006706291208372152,7
2020-01-09,0.9869147369811426,0.7280175405109383,-0.00497148273556578,-0.003742902166103002,0.0005096122783576567,-0.04402421923072379,bull_quiet,0.13764223208038454,0.0050064060786618415,7
2020-01-10,0.9934785324424306,0.7436158449449817,0.009605594294153714,0.006650823232578183,0.0005205310914614872,-0.03766619329820146,bull_quiet,0.14405232795299971,0.005578139460859737,7
2020-01-13,0.9929068967638093,0.7167537993507984,-0.0005822311766097082,-0.0005753880531428367,0.0005017276595455588,-0.03821990867371317,bull_quiet,0.1446924403067644,0.00974156163803335,7
2020-01-14,0.993338227906636,0.7538922634925621,-0.0006586664229650538,0.0004344124753614816,0.0005277245844447935,-0.03780209940348671,bull_quiet,0.1367667919450457,0.002813919284173088,7
2020-01-15,1.0004744996936747,0.7232578307457592,0.009568731052980436,0.007184130829312673,0.0005062804815220315,-0.03088954380191145,bull_quiet,0.15034111940378928,6.178119576677559e-07,7
2020-01-16,1.0020225225875055,0.8274541327140917,0.0018541856029926245,0.0015472887058139314,0.0005792178928998642,-0.029390050138350107,bull_quiet,0.13959104047935994,2.768701500039268e-05,7
2020-01-17,0.9966868590244581,0.7107863788732386,-0.0076848896777700305,-0.005324893844969794,0.000497550465211267,-0.03455844508623491,bull_quiet,0.1542511938320787,3.5591130022084156e-05,7
2020-01-21,0.9963762566213606,0.6837994492606427,-0.0005987302173989267,-0.000311634893432216,0.00047865961448244993,-0.03485931036231555,bull_quiet,0.1581572117845471,8.235597848805724e-05,7
2020-01-22,0.9962011785997491,0.6600005952869726,-0.0004894378296577531,-0.00017571476683443313,0.00046200041670088084,-0.035028899833557614,bull_quiet,0.16336448284878763,0.00014673505759070697,7
2020-01-23,0.9884303050812311,0.646666717438144,-0.012401357165508992,-0.0078005062485879606,0.0004526667022067008,-0.04255616293011273,bull_quiet,0.16999524513276829,0.00014091790071798602,7
2020-01-24,0.9776557743877801,0.47503051360868964,-0.016233668129998748,-0.010900647863650434,0.00033252135952608274,-0.052992921047233826,bull_quiet,0.20667717561719792,0.0006865912985240416,7
2020-01-27,0.983483281411173,0.41636609219462406,0.012636190526847812,0.005960694117561165,0.0002914562645362368,-0.047348101522431275,bull_quiet,0.21226118937238042,0.0004938112162721378,7
2020-01-28,0.982634848445556,0.463827278112487,-0.0013595324564427452,-0.0008626816354210019,0.00032467909467874095,-0.04816993682019681,bull_quiet,0.2036960946555484,0.008911051152040652,7
2020-01-29,0.9865790165085077,0.4396501041437925,0.010573793953888713,0.004013869515406376,0.0003077550729006548,-0.04434941514575204,bull_quiet,0.21258333601130755,0.0028834698379294516,7
2020-01-30,0.9762859826477012,0.46823370892085986,-0.023574561210744048,-0.010433055729518146,0.0003277635962446019,-0.05431977095548304,bull_quiet,0.20096952011037367,0.0007957747107769007,7
2020-01-31,0.9789742192687716,0.4447510724153197,0.0068328424386489145,0.0027535339734980624,0.0003113257506907238,-0.051715808316743495,bull_volatile,0.2122590301111517,0.0032250606140241497,7
2020-02-03,0.985345078729204,0.4413432273887627,0.014144102581207197,0.006507688696022104,0.00030894025917213385,-0.04554467000190999,bull_volatile,0.19364400552472225,0.0018983136400096967,7
2020-02-04,0.992055126157828,0.4428482218867576,0.014344196351734293,0.006809845173508025,0.0003099937553207303,-0.03904497697959342,bull_volatile,0.18277835013506732,0.04573731199143032,7
2020-02-05,0.9924870684085855,0.3759015342465113,0.0009287776750475245,0.00043540146043135654,0.0002631310739725579,-0.038626575759161536,bull_volatile,0.17860163360529277,0.12006210968591345,7
2020-02-06,0.9900918478664016,0.31833844324129285,-0.006624150922423717,-0.002413351889838261,0.00022283691026890495,-0.04094670812939343,bull_volatile,0.18459022336173975,0.1252105399524664,7
2020-02-07,0.9925769557275443,0.41891420413956,0.00392550080026077,0.002509977096062305,0.000293239942897692,-0.03853950633289497,bull_quiet,0.19763458123844144,0.11670490141092874,7
2020-02-10,0.9924081612381824,0.3851621944286528,-0.0009243104505283796,-0.00017005682873033674,0.0002696135361000569,-0.038703009255397575,bull_quiet,0.19284752603367422,0.13234424666974778,7
2020-02-11,0.9947671065987821,0.36280702039320706,0.006544744898743509,0.002376991093721375,0.00025396491427524484,-0.0364180148699764,bull_quiet,0.21033424261658476,0.12747240633798843,7
2020-02-12,0.9945445011514198,0.3456369393178422,-0.0018365711623105838,-0.00022377644564810278,0.00024194585752248952,-0.03663364182169932,bull_quiet,0.20577530403445846,0.13540001620082517,7
2020-02-13,0.9942190002336716,0.3687875867620875,-0.0005022029172029408,-0.00032728642848188835,0.00025815131073346124,-0.03694893855638714,bull_quiet,0.19475188654029915,0.11120055029763469,7
2020-02-14,0.992300127236821,0.3940024033163457,-0.005259361587897297,-0.001930030502735843,0.00027580168232144197,-0.03880765648066548,bull_quiet,0.18956234798373656,0.12783138488617038,7
2020-02-18,0.9955982940794853,0.435889612928649,0.008344068127356007,0.0033237593668846476,0.0003051227290500543,-0.03561288442551524,bull_quiet,0.17753518173535818,0.04129536292374907,7
2020-02-19,0.992734206402218,0.43649915325760985,-0.007708600452057052,-0.0028767502860331724,0.000305549407280327,-0.03838718533609086,bull_quiet,0.18149927849761044,0.06653706331811803,7
2020-02-20,0.9865352417653751,0.4142997757047375,-0.015103510899147405,-0.006244334683810913,0.00029000984299331625,-0.044391817587093756,bull_quiet,0.18781260279453124,0.1141695227542842,7
2020-02-21,0.9730932023966438,0.3812958428406204,-0.03566155961099492,-0.013625503478899842,0.0002669070899884343,-0.05741246020102589,bull_quiet,0.19742126284134284,0.14206285471081972,7
2020-02-24,0.96074646845276,0.19754187982229113,-0.0324662833814266,-0.01268813091436143,0.00013827931587560377,-0.06937213430424106,bull_volatile,0.22584065912914594,0.36633292435375814,7
2020-02-25,0.9600445309866471,0.11063424460807411,-0.003630636256362008,-0.000730616753911496,7.744397122565187e-05,-0.07005206661457532,bull_volatile,0.23405942932404197,0.5630371972552634,7
2020-02-26,0.9541386786643279,0.13601578812771825,-0.051241423905952384,-0.0061516441495164395,9.521105168940278e-05,-0.07577277537834062,bull_volatile,0.20141442808137475,0.5712636071506755,7
2020-02-27,0.9549430222750912,0.13601578812771825,-0.0049298688051367615,0.0008430049307814753,9.521105168940278e-05,-0.07499364727082211,bear_volatile,0.20817754469342842,0.5717338803889496,7
2020-02-28,0.9615999215812248,0.04362789804000128,0.046149833406623306,0.006970991096697873,3.05395286280009e-05,-0.06854543622155791,bear_volatile,0.20177688931503707,0.8796489111014775,7
2020-03-02,0.9602223336158378,0.0473832455629335,-0.03541812852640045,-0.0014325999144444977,3.316827189405345e-05,-0.06987983794993576,bull_volatile,0.19941106811342907,0.8647263433252063,7
2020-03-03,0.9620579788038472,0.025061971150075357,0.03113407556614976,0.0019116876620618088,1.754337980505275e-05,-0.06810173871190982,bear_volatile,0.1978472369124839,0.9190656202180045,7
2020-03-04,0.9612907156687588,0.000527603544673021,-0.03808783454019055,-0.0007975227605745069,3.693224812711147e-07,-0.06884494878582696,bull_volatile,0.20338306059246314,0.9960651653153556,7
2020-03-05,0.9612666890032551,0.000527603544673021,-0.030754081238962113,-2.499417201484566e-05,3.693224812711147e-07,-0.06886822223534951,bear_volatile,0.2046493645209965,0.9966997419084821,7
2020-03-06,0.961202194990513,0.000527603544673021,-0.10163377901155454,-6.70927365734349e-05,3.693224812711147e-07,-0.06893069441443023,bear_volatile,0.20296559237794912,0.9996270707675389,7
2020-03-09,0.9612211140622648,0.000527603544673021,0.053741448790465454,1.968271800725397e-05,3.693224812711147e-07,-0.06891236843984325,bear_volatile,0.19983103025277277,0.9999623724392482,7
2020-03-10,0.9612035832913323,0.000527603544673021,-0.051182237332213686,-1.8238021071504903e-05,3.693224812711147e-07,-0.06892934963568699,bear_volatile,0.19074567944501003,0.9999893733433315,7
2020-03-11,0.9611426978087302,0.000527603544673021,-0.10751784925533706,-6.334296257364116e-05,3.693224812711147e-07,-0.06898832640904644,bear_volatile,0.19873230814544823,0.9999645607812064,7
2020-03-12,0.9611572927393757,0.000527603544673021,0.10194852903245809,1.5184977921221507e-05,3.693224812711147e-07,-0.06897418901733846,bear_volatile,0.2025154331869418,0.9999551432473319,7
2020-03-13,0.9611059858927833,0.000527603544673021,-0.13476043925259248,-5.338028122967195e-05,3.693224812711147e-07,-0.06902388743696079,bear_volatile,0.18789440292677087,0.9999922343662807,7
2020-03-16,0.9611386044152912,0.000527603544673021,0.057092536145378306,3.3938528098589516e-05,3.693224812711147e-07,-0.0689922914780055,bear_volatile,0.19247455034149086,0.9999793682779584,7
2020-03-17,0.9610868245666333,0.000527603544673021,-0.07834891966363829,-5.387344595255952e-05,3.693224812711147e-07,-0.06904244807147197,bear_volatile,0.18071958658138193,0.9999973348208836,7
2020-03-18,0.9611052910599103,0.000527603544673021,0.026228503939937798,1.9214177954389146e-05,3.693224812711147e-07,-0.06902456048740112,bear_volatile,0.1940384954361361,0.9999925238745553,7
2020-03-19,0.9610797927904523,0.000527603544673021,-0.042984908212872035,-2.653015199801417e-05,3.693224812711147e-07,-0.06904925940731786,bear_volatile,0.18078609980280302,0.9999974029404777,7
2020-03-20,0.9610598963921955,0.000527603544673021,-0.024660179595547924,-2.0702129423697944e-05,3.693224812711147e-07,-0.06906853207003669,bear_volatile,0.1879462807774475,0.9999957084655762,7
2020-03-23,0.9611193767190012,0.000527603544673021,0.09956941764849825,6.189034318148245e-05,3.693224812711147e-07,-0.06901091640200803,bear_volatile,0.18158426554867083,0.9999964662960598,7
2020-03-24,0.9611439652099942,0.000527603544673021,0.014819259337241165,2.5583181016485417e-05,3.693224812711147e-07,-0.06898709873975796,bear_volatile,0.18687155285348087,0.9999883430344718,7
2020-03-25,0.9611649073933712,0.000527603544673021,0.0575847951988402,2.178881014191038e-05,3.693224812711147e-07,-0.06896681307641273,bear_volatile,0.1950329611009216,0.9999816502843585,7
2020-03-26,0.9611404955565542,0.000527603544673021,-0.04478254048840324,-2.5398177387838705e-05,3.693224812711147e-07,-0.06899045962244824,bear_volatile,0.19769895941585408,0.9999593326023647,7
2020-03-27,0.9611485876829275,0.000527603544673021,0.029422650931419735,8.419296045350337e-06,3.693224812711147e-07,-0.06898262117750671,bear_volatile,0.1992598387522453,0.9999541895730155,7
2020-03-30,0.9611539926948911,0.000527603544673021,-0.014554787011981455,5.6234925929847e-06,3.693224812711147e-07,-0.068977385608173,bear_volatile,0.19477588224797196,0.9999655570302691,7
2020-03-31,0.9611469502959075,0.000527603544673021,-0.0478501292156192,-7.32702463614476e-06,3.693224812711147e-07,-0.06898420723380548,bear_volatile,0.1997850643818758,0.99994295835495,7
2020-04-01,0.9611826303492106,0.000527603544673021,0.030658957127565407,3.712237061370752e-05,3.693224812711147e-07,-0.0689496457204992,bear_volatile,0.2046731963340645,0.9999098862920489,7
2020-04-02,0.9611679811584262,0.000527603544673021,-0.02247068606341574,-1.524079849335451e-05,3.693224812711147e-07,-0.0689638356713359,bear_volatile,0.19857288119973884,0.9999443888664246,7
2020-04-03,0.9611851326709435,0.000527603544673021,0.06395277931016463,1.784444847688614e-05,3.693224812711147e-07,-0.06894722184447148,bear_volatile,0.2018420127068783,0.999910865511213,7
2020-04-06,0.961194090012315,0.000527603544673021,0.010337845159060896,9.31905942689919e-06,3.693224812711147e-07,-0.06893854530830236,bear_volatile,0.2022999105553877,0.9997712203434536,7
2020-04-07,0.9612242516950192,0.000527603544673021,0.039053376347476416,3.137938842697951e-05,3.693224812711147e-07,-0.0689093291692662,bear_volatile,0.21080892085152927,0.9997619049889701,7
2020-04-08,0.9612168922559952,0.000527603544673021,0.02473349921308218,-7.656318503349672e-06,3.693224812711147e-07,-0.06891645789599754,bear_volatile,0.21718627541641716,0.9995330912726266,7
2020-04-09,0.9612125139131674,0.000527603544673021,-0.015100516506412531,-4.554999878781568e-06,3.693224812711147e-07,-0.06892069898141899,bear_volatile,0.2297731441691346,0.9989061440740313,7
2020-04-13,0.9612098211420006,0.000527603544673021,0.014166121204759996,-2.8014316583114238e-06,3.693224812711147e-07,-0.06892330733644925,bear_volatile,0.23101461617751476,0.9985506875174386,7
2020-04-14,0.9611868181631296,0.000527603544673021,-0.02588505099729717,-2.3931277401796448e-05,3.693224812711147e-07,-0.06894558919106368,bear_volatile,0.23765933101635475,0.9981982707977295,7
2020-04-15,0.9611711637703485,0.000527603544673021,-0.00510058185853132,-1.6286524622761e-05,3.693224812711147e-07,-0.06896075283165043,bear_volatile,0.2231647114552744,0.997474559715816,7
