regime,feature,mean_active,mean_inactive,diff
bull_quiet,iv_rank,0.1812,0.2533,-0.0721
bull_quiet,hv_rank,0.1914,0.2654,-0.074
bull_quiet,vol_risk_premium,0.0318,0.0196,0.0122
bull_quiet,iv_momentum_short,0.0022,-0.0032,0.0054
bull_quiet,iv_momentum_medium,-0.0068,-0.0251,0.0183
bull_quiet,hv_momentum_short,0.0002,-0.018,0.0182
bull_quiet,hv_momentum_medium,-0.0054,-0.0587,0.0533
bull_quiet,days_since_iv_year_high,216.0151,160.574,55.4411
bull_quiet,days_since_iv_year_low,228.3874,255.9434,-27.556
bull_quiet,days_since_hv_year_high,199.4087,126.7656,72.6431
bull_quiet,days_since_hv_year_low,155.047,184.863,-29.816
bull_quiet,vix,16.9108,17.8613,-0.9505
bull_quiet,spy_return,0.0008,0.0013,-0.0005
bull_quiet,risk_free_rate,0.0377,0.0404,-0.0027
bull_quiet,spy_pct_from_ma200,0.0913,0.0748,0.0165
bull_quiet,spy_adx14,0.1758,0.2177,-0.0419
bull_quiet,spy_atr_ratio,0.9414,0.9102,0.0312
bull_volatile,iv_rank,,0.1827,
bull_volatile,hv_rank,,0.1902,
bull_volatile,vol_risk_premium,,0.0318,
bull_volatile,iv_momentum_short,,0.0021,
bull_volatile,iv_momentum_medium,,-0.0078,
bull_volatile,hv_momentum_short,,-0.0002,
bull_volatile,hv_momentum_medium,,-0.0097,
bull_volatile,days_since_iv_year_high,,212.3014,
bull_volatile,days_since_iv_year_low,,231.7375,
bull_volatile,days_since_hv_year_high,,195.6825,
bull_volatile,days_since_hv_year_low,,156.4987,
bull_volatile,vix,,16.953,
bull_volatile,spy_return,,0.0008,
bull_volatile,risk_free_rate,,0.0378,
bull_volatile,spy_pct_from_ma200,,0.0903,
bull_volatile,spy_adx14,,0.1773,
bull_volatile,spy_atr_ratio,,0.9392,
bear_quiet,iv_rank,,0.1645,
bear_quiet,hv_rank,,0.2148,
bear_quiet,vol_risk_premium,,0.0239,
bear_quiet,iv_momentum_short,,0.0022,
bear_quiet,iv_momentum_medium,,-0.0076,
bear_quiet,hv_momentum_short,,0.0029,
bear_quiet,hv_momentum_medium,,0.0033,
bear_quiet,days_since_iv_year_high,,253.4325,
bear_quiet,days_since_iv_year_low,,181.2363,
bear_quiet,days_since_hv_year_high,,237.9662,
bear_quiet,days_since_hv_year_low,,135.7046,
bear_quiet,vix,,16.6069,
bear_quiet,spy_return,,0.0006,
bear_quiet,risk_free_rate,,0.0364,
bear_quiet,spy_pct_from_ma200,,0.0943,
bear_quiet,spy_adx14,,0.1444,
bear_quiet,spy_atr_ratio,,0.9318,
bear_volatile,iv_rank,0.2714,0.1851,0.0863
bear_volatile,hv_rank,0.2916,0.1885,0.1031
bear_volatile,vol_risk_premium,0.0214,0.0308,-0.0094
bear_volatile,iv_momentum_short,-0.0025,0.0016,-0.0041
bear_volatile,iv_momentum_medium,-0.0305,-0.0098,-0.0207
bear_volatile,hv_momentum_short,-0.0315,-0.0014,-0.0301
bear_volatile,hv_momentum_medium,-0.1068,-0.0149,-0.0919
bear_volatile,days_since_iv_year_high,150.6467,204.6026,-53.9559
bear_volatile,days_since_iv_year_low,295.873,236.2052,59.6678
bear_volatile,days_since_hv_year_high,96.1871,187.6798,-91.4927
bear_volatile,days_since_hv_year_low,236.1086,162.6782,73.4304
bear_volatile,vix,18.2054,16.9929,1.2125
bear_volatile,spy_return,0.0013,0.0009,0.0004
bear_volatile,risk_free_rate,0.0412,0.0381,0.0031
bear_volatile,spy_pct_from_ma200,0.0614,0.0889,-0.0275
bear_volatile,spy_adx14,0.2208,0.1815,0.0393
bear_volatile,spy_atr_ratio,0.8542,0.9335,-0.0793
sideways_quiet,iv_rank,0.1811,0.255,-0.0739
sideways_quiet,hv_rank,0.191,0.2716,-0.0806
sideways_quiet,vol_risk_premium,0.0317,0.0189,0.0128
sideways_quiet,iv_momentum_short,0.0021,-0.0034,0.0055
sideways_quiet,iv_momentum_medium,-0.0069,-0.0267,0.0198
sideways_quiet,hv_momentum_short,0.0002,-0.0178,0.018
sideways_quiet,hv_momentum_medium,-0.006,-0.0644,0.0584
sideways_quiet,days_since_iv_year_high,215.1674,162.9732,52.1942
sideways_quiet,days_since_iv_year_low,229.3129,255.3927,-26.0798
sideways_quiet,days_since_hv_year_high,198.5522,123.2244,75.3278
sideways_quiet,days_since_hv_year_low,154.7669,184.0,-29.2331
sideways_quiet,vix,16.9119,17.9306,-1.0187
sideways_quiet,spy_return,0.0008,0.0014,-0.0006
sideways_quiet,risk_free_rate,0.0377,0.0406,-0.0029
sideways_quiet,spy_pct_from_ma200,0.0913,0.0725,0.0188
sideways_quiet,spy_adx14,0.1765,0.2176,-0.0411
sideways_quiet,spy_atr_ratio,0.9415,0.8998,0.0417
sideways_volatile,iv_rank,,0.1843,
sideways_volatile,hv_rank,,0.1888,
sideways_volatile,vol_risk_premium,,0.0317,
sideways_volatile,iv_momentum_short,,0.0018,
sideways_volatile,iv_momentum_medium,,-0.0086,
sideways_volatile,hv_momentum_short,,-0.0008,
sideways_volatile,hv_momentum_medium,,-0.011,
sideways_volatile,days_since_iv_year_high,,209.7192,
sideways_volatile,days_since_iv_year_low,,233.3306,
sideways_volatile,days_since_hv_year_high,,193.1045,
sideways_volatile,days_since_hv_year_low,,158.5078,
sideways_volatile,vix,,16.9613,
sideways_volatile,spy_return,,0.0009,
sideways_volatile,risk_free_rate,,0.0379,
sideways_volatile,spy_pct_from_ma200,,0.09,
sideways_volatile,spy_adx14,,0.1789,
sideways_volatile,spy_atr_ratio,,0.9387,
